method,round,n_seeds,test_acc_mean,test_acc_sd,test_loss_mean,test_loss_sd
FedAvg,0,3,0.14977614977614978,0.02988706092618111,2.7960160968895384,0.12170195135361848
FedAvg,1,3,0.10297110297110297,0.0,2.7348836292826695,0.06692872234016278
FedAvg,2,3,0.15031881698548366,0.03598394102648902,2.3408958890386002,0.08283510264308039
FedAvg,3,3,0.09957943291276625,0.0009496676163342835,2.81983278810234,0.11153694708852577
FedAvg,4,3,0.11296522407633518,0.01815368494378346,2.494541472966671,0.022696374309319495
FedAvg,5,3,0.09252475919142586,0.000755360787251392,4.611265854156775,0.19765475022758647
FedAvg,6,3,0.21078098855876634,0.052843278941630295,2.156239748758522,0.036231759468703065
FedAvg,7,3,0.3011350789128567,0.02516841628004968,2.054369306834416,0.016065720161621014
FedAvg,8,3,0.15348437570659793,0.03429160140742829,3.1253297890215603,0.06256384103027643
FedAvg,9,3,0.10640799529688419,0.00576277913381551,6.147211526128145,0.19718877668857718
FedAvg,10,3,0.24736580292135849,0.013926402663590012,1.9558522362670203,0.011552108382612837
FedAvg,11,3,0.2708813819924931,0.0056172172854674594,1.9703427268000036,0.018840875103239983
FedAvg,12,3,0.2678514900737123,0.008101856658639078,2.272866452726937,0.006822857591792107
FedAvg,13,3,0.3094559761226428,0.037006710793715474,1.93965965487373,0.06105629435116756
FedAvg,14,3,0.2218604440826663,0.010211424311632281,3.638541931504779,0.19929654592270085
FedAvg,15,3,0.3440510107176774,0.0132780309137073,2.0127849900332175,0.017065550897692298
FedAvg,16,3,0.3469904581015692,0.05519393951934215,2.0800369062221282,0.14064787019798494
FedAvg,17,3,0.2737303848414959,0.01499491561084107,2.83374009492865,0.3301613076111615
FedAvg,18,3,0.5174784063672953,0.03175134588396329,1.4757705925850653,0.06433532751086665
FedAvg,19,3,0.6035363813141591,0.02149252191407293,1.3380549929719605,0.05916802336113328
FedAvg,20,3,0.2083389861167639,0.021114537696299205,3.8427686515038606,0.3209868969284113
FedAvg,21,3,0.23999457332790666,0.014795147467002003,2.7039128856350962,0.26216859876009224
FedAvg,22,3,0.2666757111201556,0.018512595607741066,2.3453092619477456,0.14382743682444338
FedAvg,23,3,0.4059602948491837,0.040926052098428534,1.781276392625681,0.11932075689479116
FedAvg,24,3,0.4020711798489576,0.027271502007189825,1.7069352192166616,0.12934327254743094
FedAvg,25,3,0.18477818477818478,0.014720316940191516,4.244833114461654,0.4186845771592197
FedAvg,26,3,0.31216931216931215,0.021288883729136385,1.7902415367399807,0.0657091088806449
FedAvg,27,3,0.36033102699769365,0.005256103819783081,1.98558204172396,0.035313047121749604
FedAvg,28,3,0.4526296748518971,0.025161102289461865,1.5809350224963887,0.07478026949795961
FedAvg,29,3,0.5082982860760639,0.04185498585650576,1.4577094837571354,0.05277941552850511
FedAvg,30,3,0.18002984669651337,0.019639380468536232,4.255680274599533,0.42312015294874183
FedAvg,31,3,0.5650522317188984,0.018022250905861965,1.2825460343902841,0.02678335112496277
FedAvg,32,3,0.3965540632207299,0.037665316800527426,1.5685516422404,0.12437960033996277
FedAvg,33,3,0.39623750734861846,0.023767001386129732,1.9456291347029917,0.15836218010407468
FedAvg,34,3,0.3172794283905395,0.02160015461757768,3.2246114741177205,0.3742390770140912
FedAvg,35,3,0.5782571338126894,0.01446257322009653,1.290757551338955,0.034710413889446984
FedAvg,36,3,0.5676299009632343,0.01934905409098488,1.2362823603714745,0.08076534672204237
FedAvg,37,3,0.5190611857278524,0.016755262026851205,1.3530721661695806,0.059356428879396135
FedAvg,38,3,0.4840591507258174,0.02985039628775254,1.5004497432891413,0.07510009617077455
FedAvg,39,3,0.49703794148238595,0.0052268412395456805,1.4518780612339985,0.04623410485577313
FedAvg,40,3,0.5180662958440736,0.032342901181390195,1.4036477171403916,0.1473182400379054
FedAvg,41,3,0.7034323700990368,0.011401662778156976,0.8915218060118238,0.03481312747614859
FedAvg,42,3,0.733098177542622,0.016564873972226613,0.782325014020212,0.03605849878291849
FedAvg,43,3,0.7472527472527473,0.01656968810468772,0.7372533448898962,0.0465450347931444
FedAvg,44,3,0.7212047212047212,0.016716770677991776,0.7775620691911863,0.05208568857414011
FedAvg,45,3,0.6876045764934654,0.08092684911906743,1.0181375128854955,0.2566775177517055
FedAvg,46,3,0.6971012526568082,0.044095328391363375,0.8817098534456962,0.12262057741996306
FedAvg,47,3,0.6030841586397142,0.028401168130515762,1.1626651455010133,0.13380557352185052
FedAvg,48,3,0.5646000090444535,0.07127781101106492,1.317869190740257,0.12790076917756807
FedAvg,49,3,0.6065210509654955,0.019334462998939452,1.1237918131574018,0.07413302552419092
FedRep,0,3,0.15086148419481754,0.014817522933862123,2.5252655272241125,0.06862838430244607
FedRep,1,3,0.12788857233301676,0.004795266546126371,2.75256692165059,0.0799096537962516
FedRep,2,3,0.1265319043096821,0.04492483474358914,2.578772877628507,0.25699148466741445
FedRep,3,3,0.1338579116356894,0.0367880574625671,2.630132133669722,0.22596217313985212
FedRep,4,3,0.13317957762402205,0.029803601469377314,2.6940714958343417,0.21408258685222714
FedRep,5,3,0.13150635372857594,0.022003688772190316,2.6250228670563476,0.21913021346453104
FedRep,6,3,0.1637046081490526,0.03019320489348247,2.5814471626335447,0.26174584487766644
FedRep,7,3,0.1580066024510469,0.029430108257981185,2.4948439939100107,0.15064710734204637
FedRep,8,3,0.14991181657848324,0.0242627474221768,2.6004176202733404,0.11590916854917305
FedRep,9,3,0.17840184506851173,0.008579249357624413,2.51087295211907,0.045412868395963236
FedRep,10,3,0.19011441233663456,0.0231971719212269,2.4202130543042064,0.0705222545767712
FedRep,11,3,0.20648487315153982,0.017415623032425456,2.2723333536403008,0.10134228222023003
FedRep,12,3,0.23841179396734952,0.024600747230904375,2.1167109688343504,0.03070886819036249
FedRep,13,3,0.23999457332790666,0.03364618753403102,2.1340850167976795,0.036449611435110274
FedRep,14,3,0.27562972007416453,0.04673762361858423,2.1637349396140606,0.04615163372509651
FedRep,15,3,0.2808755030977253,0.012756527542372513,2.159926543389038,0.12004421327630954
FedRep,16,3,0.3187265409487632,0.0062086401819723865,2.0222640449389777,0.011784758499228436
FedRep,17,3,0.3361371139148917,0.036246232730727385,1.9333008248757229,0.13487956237391677
FedRep,18,3,0.38877583322027764,0.04283599168263909,1.8258260662248318,0.1485723908238326
FedRep,19,3,0.37643015420793197,0.029971413844356014,1.802941961642016,0.10823837682185138
FedRep,20,3,0.3728123728123728,0.00971131741591279,1.8252938833074803,0.0918693375240771
FedRep,21,3,0.36684303350970016,0.07718081880793141,1.771703043829246,0.05949642004834617
FedRep,22,3,0.3730384841495953,0.07371844091288447,1.76722869988121,0.07742366219436671
FedRep,23,3,0.38131415909193683,0.07203438784778128,1.8095914493033793,0.07398198515241439
FedRep,24,3,0.3995387328720662,0.07418741574092996,1.7722504845112028,0.12220191945764358
FedRep,25,3,0.38787138787138786,0.014533454609515228,1.8419601507617265,0.1141711963814805
FedRep,26,3,0.39727761949984175,0.034390218728410554,1.7210617771260843,0.15775763293176115
FedRep,27,3,0.38854972188305525,0.04629220871859696,1.8216772883947034,0.17055528677849532
FedRep,28,3,0.4013024013024013,0.04135701835942727,1.7776720390868208,0.11452788610490221
FedRep,29,3,0.4100755211866323,0.05460354251038406,1.6996838000086443,0.13840840812361768
FedRep,30,3,0.4100302989191878,0.06276262608781338,1.7315249087565296,0.17207548546869986
FedRep,31,3,0.4107990774657441,0.07236943351764319,1.7786349318770525,0.2166828575034621
FedRep,32,3,0.4102111879889658,0.07974742675055303,1.7579525521460435,0.23938073816675062
FedRep,33,3,0.4250893139782029,0.06979609797052866,1.7137352915728397,0.21767701493464514
FedRep,34,3,0.4620811287477954,0.06058263301160064,1.5824828211500923,0.22947806954641478
FedRep,35,3,0.4642970198525754,0.05061759726929735,1.5490782912380296,0.19792700397462015
FedRep,36,3,0.4888074888074888,0.03561427985727904,1.527062345131019,0.17012801171414002
FedRep,37,3,0.508026952471397,0.051168031408860955,1.495623828679653,0.18637599830252
FedRep,38,3,0.5202821869488536,0.05394627952117751,1.4614034241599507,0.20869276864583125
FedRep,39,3,0.5248496359607471,0.06288918483525872,1.4002812682135397,0.20310041327750206
FedRep,40,3,0.5418984307873197,0.08314519408940971,1.33064578885228,0.1911509795525301
FedRep,41,3,0.5269750825306381,0.08961799554107008,1.3643266661194953,0.20202387942685318
FedRep,42,3,0.5371500927056483,0.0944568683827308,1.3290321171766533,0.21477994428489658
FedRep,43,3,0.5280604169493058,0.09059559807946427,1.3751170699500421,0.2574954877488023
FedRep,44,3,0.5116447338669561,0.0791057679195549,1.4311800632515015,0.2565537110972856
FedRep,45,3,0.5124135124135124,0.07629204264062575,1.3583442168096411,0.16469471470814095
FedRep,46,3,0.5200560756116311,0.05380284941416121,1.3600376172823958,0.12462236050654388
FedRep,47,3,0.5232668566001899,0.04861284374265843,1.362809278461932,0.12373780165519443
FedRep,48,3,0.5324469768914213,0.06045875528453726,1.2910020237432935,0.16330706968794287
FedRep,49,3,0.5310903088680867,0.054689092506285564,1.2959882023230742,0.15488074933113644
FedRep+FixedPointReference,0,3,0.15090670646226204,0.014865474870067672,2.525187310458243,0.06859583298160489
FedRep+FixedPointReference,1,3,0.12811468367023923,0.00440516882804711,2.7496351446173533,0.08032458915815348
FedRep+FixedPointReference,2,3,0.12680323791434903,0.0453947553855478,2.5798058261622225,0.2592519827171002
FedRep+FixedPointReference,3,3,0.1343101343101343,0.03743740097972324,2.6303117281996897,0.22817394737910732
FedRep+FixedPointReference,4,3,0.13345091122868902,0.030401575319068747,2.694894005965438,0.21404201688232496
FedRep+FixedPointReference,5,3,0.12793379460046128,0.022106196706168646,2.637235611548209,0.2115743932930823
FedRep+FixedPointReference,6,3,0.16248360692805136,0.029227407192317145,2.590289265612591,0.25938228526198376
FedRep+FixedPointReference,7,3,0.15732826843937955,0.03074622022165374,2.499170749441796,0.14822735142000387
FedRep+FixedPointReference,8,3,0.14955003843892734,0.024259080626029758,2.6043748847666177,0.12013343976280061
FedRep+FixedPointReference,9,3,0.17835662280106723,0.007921516316971012,2.5085284085045685,0.053734125061926166
FedRep+FixedPointReference,10,3,0.1894813005924117,0.020696340133845425,2.41268277581328,0.0685046344005856
FedRep+FixedPointReference,11,3,0.20444987111653778,0.013822709608184238,2.273964031321035,0.08766763472492593
FedRep+FixedPointReference,12,3,0.24058246280468504,0.014652852077480561,2.1051106851035546,0.027843029966045665
FedRep+FixedPointReference,13,3,0.2442002442002442,0.025077082726123887,2.1119042445419702,0.03130365651329468
FedRep+FixedPointReference,14,3,0.2806493917605029,0.03848882564435581,2.140354566333822,0.031557891392127134
FedRep+FixedPointReference,15,3,0.28666395333062,0.015455896648647997,2.1425998454224655,0.12604361323202076
FedRep+FixedPointReference,16,3,0.3291728847284403,0.011370410524614669,1.9953294840450608,0.026671131526776182
FedRep+FixedPointReference,17,3,0.3452267896712341,0.0378065999329665,1.9116530903223485,0.13859652914589596
FedRep+FixedPointReference,18,3,0.3956043956043956,0.04291190497564881,1.8017951300666353,0.14436891651877518
FedRep+FixedPointReference,19,3,0.3837561615339393,0.026922369639346737,1.780681896720586,0.11735434721809627
FedRep+FixedPointReference,20,3,0.37887215664993446,0.007780858757835878,1.8110859414293812,0.08884911779064253
FedRep+FixedPointReference,21,3,0.3727671505449283,0.06536005462067297,1.7329872655262153,0.05159759953628427
FedRep+FixedPointReference,22,3,0.3667978112422557,0.0560210813442514,1.7458674032245107,0.05843362614981966
FedRep+FixedPointReference,23,3,0.382806493917605,0.056951678323909044,1.7654323017644509,0.040005297198053326
FedRep+FixedPointReference,24,3,0.38882105548772217,0.0473826868066127,1.7482579281997355,0.07485259419691909
FedRep+FixedPointReference,25,3,0.4047392936281825,0.042379827831454726,1.7529226768999906,0.051299518278637345
FedRep+FixedPointReference,26,3,0.409397187174965,0.04975668215247808,1.6811709588122492,0.12647199287546593
FedRep+FixedPointReference,27,3,0.3974132863021752,0.055838770417589445,1.7942757051903035,0.11377005797770452
FedRep+FixedPointReference,28,3,0.40424184868629315,0.049324787631615345,1.763878376791977,0.09368146238579415
FedRep+FixedPointReference,29,3,0.4145977479310813,0.05885672461629118,1.6743382452466482,0.10372092809719377
FedRep+FixedPointReference,30,3,0.4174015285126396,0.06467996909851777,1.6911843180133037,0.13983482939299338
FedRep+FixedPointReference,31,3,0.41373852484963597,0.063297008577289,1.747669300642418,0.14025773142057743
FedRep+FixedPointReference,32,3,0.4146881924659703,0.06790829312138931,1.7047079495337452,0.1732693032662533
FedRep+FixedPointReference,33,3,0.43191787636232076,0.06313993807851598,1.648519184673724,0.1590210277616742
FedRep+FixedPointReference,34,3,0.46845746845746844,0.07120336122800357,1.524776927172196,0.161373972387489
FedRep+FixedPointReference,35,3,0.47451725229503006,0.06049649287278478,1.5066877178470774,0.1609168627459878
FedRep+FixedPointReference,36,3,0.49265138154027044,0.045577652106801106,1.4966904963352465,0.1570592053609951
FedRep+FixedPointReference,37,3,0.511916067471623,0.06324129976141052,1.4706374721625581,0.1794013362952192
FedRep+FixedPointReference,38,3,0.5233120788676344,0.060717575961287726,1.43513646327534,0.19998827494674765
FedRep+FixedPointReference,39,3,0.5307285307285308,0.0771103180673041,1.35959530584403,0.21427631789489324
FedRep+FixedPointReference,40,3,0.5499932166598833,0.08690017330660012,1.2695940998810644,0.18332807112581428
FedRep+FixedPointReference,41,3,0.5450639895084339,0.08878004171007686,1.291615684536105,0.1996462694647553
FedRep+FixedPointReference,42,3,0.5579523357301135,0.08870682914114719,1.2508684031186672,0.22124606099587926
FedRep+FixedPointReference,43,3,0.5546963324741102,0.08306424557755235,1.265309641160363,0.24260733097353673
FedRep+FixedPointReference,44,3,0.5459684348573237,0.06768867117907774,1.2880745794820871,0.2168680240794679
FedRep+FixedPointReference,45,3,0.5488174377063266,0.06159770848398107,1.2322481825679417,0.08780020044475642
FedRep+FixedPointReference,46,3,0.5541988875322209,0.04525479316899303,1.2285988479183432,0.07689767217693283
FedRep+FixedPointReference,47,3,0.5589020033464478,0.04109972728443539,1.2211394741108452,0.07316454747629045
FedRep+FixedPointReference,48,3,0.5722877945100168,0.05053826632849045,1.1611524701722127,0.10438931396658192
FedRep+FixedPointReference,49,3,0.5681725681725682,0.04868378202460134,1.1661023624614208,0.09908585712415162
