seed,dimension,trial,clients,modulus_bits,max_abs_error,prepare_encryption_seconds,encryption_seconds,derive_key_seconds,prepare_decryption_seconds,decryption_seconds,payload_encode_seconds,round_seconds,ciphertext_payload_bytes,derived_key_payload_bytes
0,1,0,3,256,0,7.430000000052672e-05,5.199999999483396e-06,1.3999999994851464e-06,7.819999999991722e-05,2.299999999966218e-05,3.7999999999982492e-06,0.0001896000000005671,192,4
0,1,1,3,256,0,7.479999999926434e-05,4.699999999857596e-06,1.1000000004202093e-06,7.989999999935549e-05,2.2200000000083264e-05,3.699999999717818e-06,0.00018940000000000623,192,4
0,1,2,3,256,0,7.33999999997792e-05,4.500000000184912e-06,1.000000000139778e-06,7.780000000057186e-05,2.1799999999849717e-05,3.1000000006997652e-06,0.0001845999999998682,192,4
0,1,3,3,256,0,7.219999999996674e-05,4.299999999624049e-06,1.000000000139778e-06,7.399999999968543e-05,2.1699999999569286e-05,3.1000000006997652e-06,0.00017900000000015126,192,4
0,1,4,3,256,0,7.219999999996674e-05,4.100000000839543e-06,1.000000000139778e-06,7.719999999977745e-05,2.1699999999569286e-05,3.099999999811587e-06,0.00018209999999996285,192,4
0,1,5,3,256,0,7.300000000043383e-05,4.300000000512227e-06,1.1000000004202093e-06,7.369999999973231e-05,2.1799999999849717e-05,3.099999999811587e-06,0.00017980000000061835,192,4
0,1,6,3,256,0,7.249999999991985e-05,4.099999999951365e-06,1.000000000139778e-06,7.879999999982346e-05,2.200000000041058e-05,3.099999999811587e-06,0.00018450000000047595,192,4
1,1,0,3,256,0,0.0001747000000005272,5.50000000032469e-06,1.4999999997655777e-06,7.80999999996368e-05,2.420000000036282e-05,3.5000000000451337e-06,0.0002912999999997723,192,3
1,1,1,3,256,0,0.00020679999999995147,6.099999999342742e-06,1.600000000046009e-06,8.460000000010126e-05,3.0999999999892225e-05,3.9999999996709334e-06,0.00033840000000040504,192,3
1,1,2,3,256,0,0.00021599999999999397,5.800000000277805e-06,1.3000000000928935e-06,8.280000000038257e-05,2.4500000000315936e-05,3.699999999717818e-06,0.0003380000000001715,192,3
1,1,3,3,256,0,0.0001808999999992622,5.200000000371574e-06,1.299999999204715e-06,7.510000000010564e-05,2.410000000008239e-05,3.1000000006997652e-06,0.0002928999999998183,192,3
1,1,4,3,256,0,0.0001760000000006201,4.800000000138027e-06,1.0999999995320309e-06,7.45000000001994e-05,2.3800000000129273e-05,2.9000000001389026e-06,0.0002855999999997749,192,3
1,1,5,3,256,0,0.0001782999999999646,4.800000000138027e-06,9.999999992515995e-07,7.740000000033831e-05,2.3800000000129273e-05,2.7999999998584713e-06,0.00029119999999949187,192,3
1,1,6,3,256,0,0.00016950000000015564,4.89999999953028e-06,1.1000000004202093e-06,7.11000000004347e-05,2.4299999999755073e-05,2.899999999250724e-06,0.00027650000000001285,192,3
2,1,0,3,256,0,0.00015069999999983708,7.799999999669183e-06,1.699999999438262e-06,0.00011539999999943262,3.5999999999702936e-05,5.800000000277805e-06,0.00032309999999924344,192,4
2,1,1,3,256,0,0.00015769999999992734,5.800000000277805e-06,1.4999999997655777e-06,7.909999999977657e-05,2.3900000000409705e-05,4.299999999624049e-06,0.00027600000000038705,192,4
2,1,2,3,256,0,0.0001246000000003633,5.199999999483396e-06,1.1999999998124622e-06,8.080000000010301e-05,2.3399999999895726e-05,3.4000000006528808e-06,0.0002414999999995615,192,4
2,1,3,3,256,0,0.00013119999999933185,5.200000000371574e-06,1.2000000007006406e-06,7.849999999987034e-05,2.360000000045659e-05,3.1000000006997652e-06,0.0002456999999997933,192,4
2,1,4,3,256,0,0.00012270000000036418,5.00000000069889e-06,1.000000000139778e-06,7.570000000001187e-05,2.360000000045659e-05,3.000000000419334e-06,0.00023369999999989233,192,4
2,1,5,3,256,0,0.0001288000000005951,5.200000000371574e-06,1.0999999995320309e-06,9.570000000014289e-05,2.459999999970819e-05,3.9000000002786805e-06,0.0002631000000006267,192,4
2,1,6,3,256,0,0.0001250999999999891,5.300000000652005e-06,1.3000000000928935e-06,7.490000000043295e-05,2.3500000000176158e-05,3.099999999811587e-06,0.00023609999999951725,192,4
3,1,0,3,256,0,7.740000000033831e-05,5.00000000069889e-06,1.1999999998124622e-06,7.71000000003852e-05,2.239999999975595e-05,3.200000000092018e-06,0.00018950000000028666,192,4
3,1,1,3,256,0,8.300000000005525e-05,6.100000000230921e-06,1.1000000004202093e-06,8.279999999949439e-05,2.3200000000223042e-05,3.5000000000451337e-06,0.0002027000000000001,192,4
3,1,2,3,256,0,7.909999999977657e-05,4.999999999810711e-06,1.000000000139778e-06,7.420000000024629e-05,2.2899999999381748e-05,3.000000000419334e-06,0.0001879999999996329,192,4
3,1,3,3,256,0,7.669999999926347e-05,4.800000000138027e-06,9.999999992515995e-07,7.909999999977657e-05,2.2200000000083264e-05,3.200000000092018e-06,0.00018959999999967891,192,4
3,1,4,3,256,0,7.570000000001187e-05,5.00000000069889e-06,1.2000000007006406e-06,7.560000000061962e-05,2.250000000003638e-05,3.000000000419334e-06,0.00018579999999968067,192,4
3,1,5,3,256,0,7.71000000003852e-05,4.600000000465343e-06,1.000000000139778e-06,7.380000000001274e-05,2.2199999999195086e-05,2.9999999995311555e-06,0.00018440000000019552,192,4
3,1,6,3,256,0,7.590000000057273e-05,4.699999999857596e-06,8.999999998593466e-07,7.520000000038607e-05,2.2400000000644127e-05,3.099999999811587e-06,0.0001847999999995409,192,4
4,1,0,3,256,0,0.00011350000000032168,5.100000000091143e-06,1.1999999998124622e-06,7.170000000034094e-05,2.2300000000363696e-05,3.299999999484271e-06,0.0002203000000005062,192,4
4,1,1,3,256,0,0.00011429999999990059,4.5999999995771645e-06,1.1999999998124622e-06,7.500000000071338e-05,2.1799999999849717e-05,3.3999999997647024e-06,0.0002230999999994765,192,4
4,1,2,3,256,0,0.0001176999999996653,4.600000000465343e-06,1.000000000139778e-06,7.7600000000011e-05,2.190000000013015e-05,3.099999999811587e-06,0.00022850000000040893,192,4
4,1,3,3,256,0,0.00011269999999985458,4.39999999990448e-06,1.000000000139778e-06,7.230000000024717e-05,2.1600000000177033e-05,3.099999999811587e-06,0.00021770000000032041,192,4
4,1,4,3,256,0,0.0001217000000002244,4.500000000184912e-06,1.000000000139778e-06,8.09999999997757e-05,2.190000000013015e-05,2.9000000001389026e-06,0.00023559999999989145,192,4
4,1,5,3,256,0,0.00011760000000027304,4.699999999857596e-06,1.0999999995320309e-06,7.709999999949702e-05,2.2200000000083264e-05,3.299999999484271e-06,0.00022919999999970742,192,4
4,1,6,3,256,0,0.0001167000000004137,4.699999999857596e-06,1.000000000139778e-06,7.529999999977832e-05,2.1799999999849717e-05,3.099999999811587e-06,0.00022539999999970917,192,4
0,8,0,3,256,0,0.00018260000000047683,2.8200000000033754e-05,1.0999999995320309e-06,7.359999999945188e-05,0.0001876999999996798,8.79999999980896e-06,0.0004911999999999139,1536,3
0,8,1,3,256,0,0.00018630000000019464,2.7900000000080638e-05,1.0999999995320309e-06,7.49999999998252e-05,0.00018920000000033355,8.500000000744024e-06,0.0004965999999999582,1536,3
0,8,2,3,256,0,0.000222400000000178,3.030000000059374e-05,1.8000000006068717e-06,8.63000000004277e-05,0.0001910999999994445,1.1200000000322063e-05,0.0005539999999992773,1536,3
0,8,3,3,256,0,0.00018510000000038218,2.8599999999379122e-05,1.4000000003733248e-06,7.700000000010476e-05,0.00019239999999953739,9.29999999943476e-06,0.0005025000000005164,1536,3
0,8,4,3,256,0,0.00018629999999930646,2.9999999999752447e-05,1.8999999999991246e-06,7.540000000005875e-05,0.00024479999999993396,1.1499999999387e-05,0.0005610000000002557,1536,3
0,8,5,3,256,0,0.00021769999999943224,4.05999999992801e-05,2.19999999995224e-06,8.200000000080365e-05,0.00018899999999977268,1.0300000000462717e-05,0.0005520999999992782,1536,3
0,8,6,3,256,0,0.0001808999999992622,2.8300000000314185e-05,1.3000000000928935e-06,7.390000000029318e-05,0.00019110000000033267,8.399999999575414e-06,0.0004929000000002404,1536,3
1,8,0,3,256,0,0.00014039999999937436,2.9500000000126647e-05,1.4000000003733248e-06,7.680000000043208e-05,0.000175200000000153,9.40000000060337e-06,0.00044199999999960937,1536,4
1,8,1,3,256,0,0.00013090000000026691,2.8300000000314185e-05,1.1999999998124622e-06,7.640000000019853e-05,0.00017430000000029366,8.900000000089392e-06,0.0004287000000005037,1536,4
1,8,2,3,256,0,0.00012740000000022178,2.8099999999753322e-05,1.1999999998124622e-06,7.299999999954565e-05,0.00017970000000033792,8.79999999980896e-06,0.0004268999999998968,1536,4
1,8,3,3,256,0,0.00013099999999965917,2.799999999947289e-05,1.2000000007006406e-06,7.570000000001187e-05,0.00017710000000015214,8.79999999980896e-06,0.00043039999999994194,1536,4
1,8,4,3,256,0,0.00012759999999989446,2.8200000000033754e-05,1.000000000139778e-06,7.299999999954565e-05,0.00017870000000019814,9.099999999762076e-06,0.000426400000000271,1536,4
1,8,5,3,256,0,0.00013250000000031292,2.7799999999800207e-05,1.0999999995320309e-06,9.350000000019065e-05,0.00025450000000049045,1.8499999999477268e-05,0.0005419999999993763,1536,4
1,8,6,3,256,0,0.0001863999999995869,2.9800000000079763e-05,1.699999999438262e-06,8.470000000038169e-05,0.00020569999999953126,1.639999999980546e-05,0.0005390999999992374,1536,4
2,8,0,3,256,0,0.00022130000000064598,3.080000000021954e-05,1.600000000046009e-06,3.720000000040358e-05,0.0001917000000002389,9.599999999387876e-06,0.0005012999999998158,1536,4
2,8,1,3,256,0,0.00022619999999928808,2.9899999999472016e-05,1.1000000004202093e-06,3.750000000035669e-05,0.00018890000000038043,8.900000000089392e-06,0.0005015999999997689,1536,4
2,8,2,3,256,0,0.00022219999999961715,3.0399999999985994e-05,1.3000000000928935e-06,3.530000000040445e-05,0.00018820000000019377,8.600000000136276e-06,0.0004946999999999591,1536,4
2,8,3,3,256,0,0.00022449999999984982,2.9299999999565784e-05,1.1000000004202093e-06,3.580000000003025e-05,0.00019390000000019114,8.79999999980896e-06,0.0005020000000000024,1536,4
2,8,4,3,256,0,0.0002145000000002284,2.9399999999846216e-05,1.1999999998124622e-06,3.500000000045134e-05,0.00018760000000028754,8.700000000416708e-06,0.0004849000000000103,1536,4
2,8,5,3,256,0,0.00020769999999981081,2.9000000000500847e-05,9.999999992515995e-07,3.4799999999890474e-05,0.00018739999999972667,8.600000000136276e-06,0.00047709999999945296,1536,4
2,8,6,3,256,0,0.00021350000000008862,2.9399999999846216e-05,1.1000000004202093e-06,3.5400000000684884e-05,0.00018580000000056884,8.500000000744024e-06,0.00048259999999977765,1536,4
3,8,0,3,256,0,0.00012839999999947338,3.0399999999985994e-05,1.3000000000928935e-06,7.579999999940412e-05,0.0002484999999996518,1.3400000000274304e-05,0.0005107999999998114,1536,4
3,8,1,3,256,0,0.0001449999999998397,3.2599999999938234e-05,1.600000000046009e-06,0.00010140000000014027,0.0002466999999999331,1.2799999999479894e-05,0.0005535999999999319,1536,4
3,8,2,3,256,0,0.00018109999999982307,3.859999999988872e-05,1.8999999999991246e-06,0.00011650000000074101,0.0002501999999999782,1.4900000000039881e-05,0.0006161999999996226,1536,4
3,8,3,3,256,0,0.0001765000000002459,3.740000000007626e-05,1.8999999999991246e-06,9.509999999934848e-05,0.00019730000000084402,9.799999999948739e-06,0.0005283000000000371,1536,4
3,8,4,3,256,0,0.0001326999999999856,3.1600000000686634e-05,1.1999999998124622e-06,8.249999999954127e-05,0.00019110000000033267,9.799999999948739e-06,0.00045849999999969526,1536,4
3,8,5,3,256,0,0.00013420000000063936,3.030000000059374e-05,1.2000000007006406e-06,7.58000000002923e-05,0.00019039999999925783,8.900000000089392e-06,0.0004500000000007276,1536,4
3,8,6,3,256,0,0.00012810000000040844,3.0000000000640625e-05,1.1000000004202093e-06,7.459999999959166e-05,0.0001910999999994445,8.500000000744024e-06,0.00044230000000045067,1536,4
4,8,0,3,256,0,0.00018779999999996022,4.220000000021429e-05,1.3000000000928935e-06,3.8200000000543355e-05,0.00019659999999976918,8.800000000697139e-06,0.00048389999999987054,1536,4
4,8,1,3,256,0,0.00017770000000005837,3.059999999965868e-05,1.0999999995320309e-06,3.509999999984359e-05,0.0001968999999997223,8.499999999855845e-06,0.000458400000000303,1536,4
4,8,2,3,256,0,0.0001706999999999681,3.0399999999985994e-05,1.1999999998124622e-06,3.509999999984359e-05,0.0001977000000001894,8.600000000136276e-06,0.0004527999999996979,1536,4
4,8,3,3,256,0,0.0001816999999997293,3.080000000021954e-05,1.1000000004202093e-06,3.580000000003025e-05,0.0001981999999998152,8.499999999855845e-06,0.0004648999999998793,1536,4
4,8,4,3,256,0,0.00018189999999940198,3.0500000000266425e-05,1.2000000007006406e-06,3.62000000002638e-05,0.00026259999999922456,1.4699999999479019e-05,0.000540299999999938,1536,4
4,8,5,3,256,0,0.00027310000000024814,3.2100000000312434e-05,2.000000000279556e-06,4.290000000040095e-05,0.0002330999999999861,1.699999999971169e-05,0.0006151999999994828,1536,4
4,8,6,3,256,0,0.0002765999999994051,4.7399999999697684e-05,2.4999999999053557e-06,5.710000000025417e-05,0.00022689999999947474,1.2199999999573663e-05,0.0006349000000005489,1536,4
0,32,0,3,256,0,0.0003073000000002324,0.0001883000000004742,3.000000000419334e-06,5.830000000006663e-05,0.001179500000000111,4.730000000030543e-05,0.0018297999999994374,6144,4
0,32,1,3,256,0,0.0002975999999996759,0.0001304999999991452,2.19999999995224e-06,5.2900000000022374e-05,0.0010437000000003138,3.179999999947114e-05,0.0015911000000006226,6144,4
0,32,2,3,256,0,0.00025190000000030466,0.0001310999999999396,2.299999999344493e-06,4.389999999965255e-05,0.000819799999999482,2.9400000000734394e-05,0.001310199999999817,6144,4
0,32,3,3,256,0,0.0001948000000000505,0.00011580000000055435,1.7000000003264404e-06,3.679999999928185e-05,0.0007511000000004486,2.7700000000407954e-05,0.0011568999999997942,6144,4
0,32,4,3,256,0,0.00018270000000075726,0.00011320000000036856,1.3000000000928935e-06,3.4799999999890474e-05,0.0007469999999996091,2.5899999999801082e-05,0.0011377000000001303,6144,4
0,32,5,3,256,0,0.0001959000000004707,0.00011090000000013589,1.000000000139778e-06,3.609999999998337e-05,0.0009252999999995737,2.8899999999332238e-05,0.0013285000000005098,6144,4
0,32,6,3,256,0,0.00019070000000009912,0.0001116999999997148,1.3000000000928935e-06,3.500000000045134e-05,0.0007560999999993712,2.749999999984709e-05,0.0011506999999992829,6144,4
1,32,0,3,256,0,0.00020329999999990633,0.00011209999999994835,1.4999999997655777e-06,3.4299999999376496e-05,0.0008612000000001174,4.329999999974632e-05,0.0012961999999996365,6144,4
1,32,1,3,256,0,0.00019619999999953563,0.00011310000000008813,1.5999999991578306e-06,3.530000000040445e-05,0.0007513000000001213,2.9899999999472016e-05,0.001157899999999934,6144,4
1,32,2,3,256,0,0.00029460000000014475,0.000187200000000054,3.200000000092018e-06,5.699999999997374e-05,0.0011691999999996483,3.170000000007889e-05,0.0017768000000000228,6144,4
1,32,3,3,256,0,0.00022829999999984807,0.00013880000000021653,2.3000000002326715e-06,4.350000000030718e-05,0.0008898000000003847,2.800000000036107e-05,0.001360599999999934,6144,4
1,32,4,3,256,0,0.00019239999999953739,0.00011109999999980857,1.699999999438262e-06,3.580000000003025e-05,0.0007561999999996516,2.6700000000268176e-05,0.00115360000000031,6144,4
1,32,5,3,256,0,0.00019210000000047245,0.00011239999999990147,1.600000000046009e-06,3.5399999999796705e-05,0.0007545000000002133,2.519999999961442e-05,0.0011497000000000313,6144,4
1,32,6,3,256,0,0.00018440000000019552,0.00011039999999962191,1.4999999997655777e-06,3.5399999999796705e-05,0.0007767999999996889,2.5899999999801082e-05,0.0011623000000007266,6144,4
2,32,0,3,256,0,0.00017800000000001148,0.00010289999999990584,1.1999999998124622e-06,6.779999999917408e-05,0.0006425999999999377,2.5499999999567535e-05,0.001045099999999799,6144,4
2,32,1,3,256,0,0.00016039999999950538,0.00010129999999985984,1.000000000139778e-06,6.700000000048334e-05,0.0006573999999996971,3.520000000012402e-05,0.001049100000000358,6144,4
2,32,2,3,256,0,0.0001728000000005281,0.00010120000000046758,1.1000000004202093e-06,6.91999999995474e-05,0.0006446999999996095,2.6399999999426882e-05,0.0010425999999998936,6144,4
2,32,3,3,256,0,0.00015979999999959915,0.00010129999999985984,1.1999999998124622e-06,6.329999999987734e-05,0.0006471000000001226,2.4899999999661304e-05,0.0010238999999998555,6144,4
2,32,4,3,256,0,0.00016969999999982832,0.00010140000000014027,1.000000000139778e-06,6.769999999978182e-05,0.000644599999999329,2.4500000000315936e-05,0.0010355999999998033,6144,4
2,32,5,3,256,0,0.00016869999999968854,0.0001006999999999536,1.1000000004202093e-06,7.109999999954653e-05,0.0006509999999995131,2.5599999999847967e-05,0.001045099999999799,6144,4
2,32,6,3,256,0,0.00016660000000001673,0.0001006999999999536,1.000000000139778e-06,6.679999999992248e-05,0.000643499999999797,2.529999999989485e-05,0.0010311000000005066,6144,4
3,32,0,3,256,0,0.00017759999999977794,0.00010419999999999874,1.4000000003733248e-06,3.460000000021779e-05,0.0007134000000004193,2.749999999984709e-05,0.0010874000000002937,6144,4
3,32,1,3,256,0,0.0001862000000008024,0.00010460000000023228,1.4000000003733248e-06,3.410000000059199e-05,0.000677099999999875,2.529999999989485e-05,0.0010556999999993266,6144,4
3,32,2,3,256,0,0.00017599999999973193,0.0001066999999999041,1.3000000000928935e-06,3.349999999979758e-05,0.000673399999999269,2.5899999999801082e-05,0.0010447000000004536,6144,4
3,32,3,3,256,0,0.00018320000000038306,0.00010429999999939099,1.1999999998124622e-06,3.439999999965693e-05,0.0006763000000002961,2.6199999999754198e-05,0.0010529999999997486,6144,4
3,32,4,3,256,0,0.00017889999999987083,0.00010479999999990497,1.0999999995320309e-06,3.360000000007801e-05,0.0006775000000001086,2.530000000078303e-05,0.0010487000000001245,6144,4
3,32,5,3,256,0,0.0001812000000001035,0.00010560000000037206,1.1999999998124622e-06,3.3699999999470265e-05,0.0006833999999997786,2.529999999989485e-05,0.0010579999999995593,6144,4
3,32,6,3,256,0,0.0001728000000005281,0.0001020000000000465,1.3000000000928935e-06,3.4299999999376496e-05,0.0006789999999998741,2.4999999999941735e-05,0.001041300000000689,6144,4
4,32,0,3,256,0,0.00017759999999977794,0.00010859999999990322,1.3000000000928935e-06,3.269999999933049e-05,0.0007182999999999495,2.5000000000829914e-05,0.0010909000000003388,6144,4
4,32,1,3,256,0,0.00017949999999977706,0.00010859999999990322,1.0999999995320309e-06,3.189999999975157e-05,0.0008257000000000403,3.180000000035932e-05,0.001209900000000097,6144,4
4,32,2,3,256,0,0.00018079999999986995,0.00010979999999971568,1.600000000046009e-06,3.190000000063975e-05,0.0007227000000007422,2.6700000000268176e-05,0.001101600000000147,6144,4
4,32,3,3,256,0,0.0001774999999994975,0.00010859999999990322,1.1999999998124622e-06,3.289999999989135e-05,0.0007263999999995718,2.4999999999941735e-05,0.0010988999999996807,6144,4
4,32,4,3,256,0,0.0001753999999998257,0.00010679999999929635,1.1999999998124622e-06,3.180000000035932e-05,0.0007229999999998071,2.5500000000455714e-05,0.0010918999999995904,6144,4
4,32,5,3,256,0,0.0001686000000002963,0.00010649999999934323,1.1999999998124622e-06,3.1599999999798456e-05,0.0007269999999994781,2.519999999961442e-05,0.0010873000000000133,6144,4
4,32,6,3,256,0,0.0001760000000006201,0.0001049000000001854,1.0999999995320309e-06,3.189999999975157e-05,0.0007172000000004175,2.459999999970819e-05,0.0010824999999998752,6144,4
