run_id,requested_method,method,seed,rounds,status,rows,result_file,partial_file,config_hash,matrix_id,config_snapshot,environment_snapshot,backend,backend_secure,exit_code,error,reason,reference
fedavg_seed0_50r,FedAvg,FedAvg,0,50,completed,50,D:\git\FedML\python\examples\federate\simulation\sp_fedavg_mnist_lr_example\results\comparison_formal_50r\fedavg_seed0_50r.csv,,7a94c0688b96c26c59095fde903d05ed45d0c0d4eb5cd1f4442d2be05fce9b18,aa8854cd2e503503,D:\git\FedML\python\examples\federate\simulation\sp_fedavg_mnist_lr_example\results\comparison_formal_50r\configs\fedavg_seed0_50r.yaml,D:\git\FedML\python\examples\federate\simulation\sp_fedavg_mnist_lr_example\results\comparison_formal_50r\configs\fedavg_seed0_50r.environment.json,plaintext,False,0,,,
fedavg_seed1_50r,FedAvg,FedAvg,1,50,completed,50,D:\git\FedML\python\examples\federate\simulation\sp_fedavg_mnist_lr_example\results\comparison_formal_50r\fedavg_seed1_50r.csv,,1a70484743cdd5ac17fd215bcfdaae273099e9c433d8c1f2d807bd672fcb0912,aa8854cd2e503503,D:\git\FedML\python\examples\federate\simulation\sp_fedavg_mnist_lr_example\results\comparison_formal_50r\configs\fedavg_seed1_50r.yaml,D:\git\FedML\python\examples\federate\simulation\sp_fedavg_mnist_lr_example\results\comparison_formal_50r\configs\fedavg_seed1_50r.environment.json,plaintext,False,0,,,
fedavg_seed2_50r,FedAvg,FedAvg,2,50,completed,50,D:\git\FedML\python\examples\federate\simulation\sp_fedavg_mnist_lr_example\results\comparison_formal_50r\fedavg_seed2_50r.csv,,5f88657edcac7b0e9a53a0a3b541085b9a0e921d0e96a804dc807cbe13c58e79,aa8854cd2e503503,D:\git\FedML\python\examples\federate\simulation\sp_fedavg_mnist_lr_example\results\comparison_formal_50r\configs\fedavg_seed2_50r.yaml,D:\git\FedML\python\examples\federate\simulation\sp_fedavg_mnist_lr_example\results\comparison_formal_50r\configs\fedavg_seed2_50r.environment.json,plaintext,False,0,,,
fedrep_seed0_50r,FedRep,FedRep,0,50,completed,50,D:\git\FedML\python\examples\federate\simulation\sp_fedavg_mnist_lr_example\results\comparison_formal_50r\fedrep_seed0_50r.csv,,4e911631e44a20c91d04e783fb8ef43cd509cb5530bff1d677e79e5afa832fea,aa8854cd2e503503,D:\git\FedML\python\examples\federate\simulation\sp_fedavg_mnist_lr_example\results\comparison_formal_50r\configs\fedrep_seed0_50r.yaml,D:\git\FedML\python\examples\federate\simulation\sp_fedavg_mnist_lr_example\results\comparison_formal_50r\configs\fedrep_seed0_50r.environment.json,plaintext,False,0,,,
fedrep_seed1_50r,FedRep,FedRep,1,50,completed,50,D:\git\FedML\python\examples\federate\simulation\sp_fedavg_mnist_lr_example\results\comparison_formal_50r\fedrep_seed1_50r.csv,,47b32ed30e84e2e8c485b7a8a62d494a3388426e77d0703f91571e03a5ba84fc,aa8854cd2e503503,D:\git\FedML\python\examples\federate\simulation\sp_fedavg_mnist_lr_example\results\comparison_formal_50r\configs\fedrep_seed1_50r.yaml,D:\git\FedML\python\examples\federate\simulation\sp_fedavg_mnist_lr_example\results\comparison_formal_50r\configs\fedrep_seed1_50r.environment.json,plaintext,False,0,,,
fedrep_seed2_50r,FedRep,FedRep,2,50,completed,50,D:\git\FedML\python\examples\federate\simulation\sp_fedavg_mnist_lr_example\results\comparison_formal_50r\fedrep_seed2_50r.csv,,bfc0d760760da4e645232d650d3b80c981a29b2bdafb94bc7d0933b9d6f6788b,aa8854cd2e503503,D:\git\FedML\python\examples\federate\simulation\sp_fedavg_mnist_lr_example\results\comparison_formal_50r\configs\fedrep_seed2_50r.yaml,D:\git\FedML\python\examples\federate\simulation\sp_fedavg_mnist_lr_example\results\comparison_formal_50r\configs\fedrep_seed2_50r.environment.json,plaintext,False,0,,,
fedrep_reference_seed0_50r,Ours,FedRep+FixedPointReference,0,50,completed,50,D:\git\FedML\python\examples\federate\simulation\sp_fedavg_mnist_lr_example\results\comparison_formal_50r\fedrep_reference_seed0_50r.csv,,b08bc3159ed8754f0c60dcb0c451c9fa770dfac86d29a42bab85d65d31cdf381,aa8854cd2e503503,D:\git\FedML\python\examples\federate\simulation\sp_fedavg_mnist_lr_example\results\comparison_formal_50r\configs\fedrep_reference_seed0_50r.yaml,D:\git\FedML\python\examples\federate\simulation\sp_fedavg_mnist_lr_example\results\comparison_formal_50r\configs\fedrep_reference_seed0_50r.environment.json,chunked-reference,False,0,,,
fedrep_reference_seed1_50r,Ours,FedRep+FixedPointReference,1,50,completed,50,D:\git\FedML\python\examples\federate\simulation\sp_fedavg_mnist_lr_example\results\comparison_formal_50r\fedrep_reference_seed1_50r.csv,,8426d130d5d5890028ff444b8650040e0b6ce53a2f234a55168a10ea229943b0,aa8854cd2e503503,D:\git\FedML\python\examples\federate\simulation\sp_fedavg_mnist_lr_example\results\comparison_formal_50r\configs\fedrep_reference_seed1_50r.yaml,D:\git\FedML\python\examples\federate\simulation\sp_fedavg_mnist_lr_example\results\comparison_formal_50r\configs\fedrep_reference_seed1_50r.environment.json,chunked-reference,False,0,,,
fedrep_reference_seed2_50r,Ours,FedRep+FixedPointReference,2,50,completed,50,D:\git\FedML\python\examples\federate\simulation\sp_fedavg_mnist_lr_example\results\comparison_formal_50r\fedrep_reference_seed2_50r.csv,,89bc208c8645183c08f41aa44a8c0ca7b2a67bd6c52baa3e5476202914136a83,aa8854cd2e503503,D:\git\FedML\python\examples\federate\simulation\sp_fedavg_mnist_lr_example\results\comparison_formal_50r\configs\fedrep_reference_seed2_50r.yaml,D:\git\FedML\python\examples\federate\simulation\sp_fedavg_mnist_lr_example\results\comparison_formal_50r\configs\fedrep_reference_seed2_50r.environment.json,chunked-reference,False,0,,,
