round,train_acc,train_loss,test_acc,test_loss,dmcfe_fedavg_max_error,dmcfe_fedavg_mean_error,dmcfe_fedrep_max_error,dmcfe_fedrep_mean_error,dropout_rate,online_clients,online_client_ids,recovery_threshold,coded_communication_rounds,secagg_baseline_rounds,recovery_error,dmcfe_weight_signatures_verified,run_id,method,seed,config_hash,matrix_id,backend,backend_secure,participation_rate,protocol_dropout_rate,coordinates,chunks,chunk_size,scale,clip_bound,clipped_fraction,encode_seconds,aggregate_seconds,total_aggregation_seconds,serialized_upload_bytes,serialized_key_bytes,recovery_bytes,peak_memory_bytes
0,0.13524909185262066,2.5733707725806485,0.1339031339031339,2.5762891100140637,,,,,,3,"993,859,298",,,,,,fedrep_seed1_50r,FedRep,1,47b32ed30e84e2e8c485b7a8a62d494a3388426e77d0703f91571e03a5ba84fc,aa8854cd2e503503,plaintext,False,0.003,,,,,,,,,,,,,,
1,0.1339841722885314,2.6718484037519508,0.13105413105413105,2.674556990274499,,,,,,3,"507,818,452",,,,,,fedrep_seed1_50r,FedRep,1,47b32ed30e84e2e8c485b7a8a62d494a3388426e77d0703f91571e03a5ba84fc,aa8854cd2e503503,plaintext,False,0.003,,,,,,,,,,,,,,
2,0.10263687078360145,2.5185855484299964,0.10120743454076787,2.5189748877037044,,,,,,3,"37,726,846",,,,,,fedrep_seed1_50r,FedRep,1,47b32ed30e84e2e8c485b7a8a62d494a3388426e77d0703f91571e03a5ba84fc,aa8854cd2e503503,plaintext,False,0.003,,,,,,,,,,,,,,
3,0.1272379346133887,2.5163250771282444,0.1264414597747931,2.5153355734320963,,,,,,3,"642,762,909",,,,,,fedrep_seed1_50r,FedRep,1,47b32ed30e84e2e8c485b7a8a62d494a3388426e77d0703f91571e03a5ba84fc,aa8854cd2e503503,plaintext,False,0.003,,,,,,,,,,,,,,
4,0.13531395952257394,2.5510391764899065,0.13458146791480124,2.5492243235105736,,,,,,3,"698,577,763",,,,,,fedrep_seed1_50r,FedRep,1,47b32ed30e84e2e8c485b7a8a62d494a3388426e77d0703f91571e03a5ba84fc,aa8854cd2e503503,plaintext,False,0.003,,,,,,,,,,,,,,
5,0.13578425012973533,2.464376309362641,0.135666802333469,2.4659637975674658,,,,,,3,"544,515,193",,,,,,fedrep_seed1_50r,FedRep,1,47b32ed30e84e2e8c485b7a8a62d494a3388426e77d0703f91571e03a5ba84fc,aa8854cd2e503503,plaintext,False,0.003,,,,,,,,,,,,,,
6,0.18506746237675142,2.356472767990332,0.18409985076651744,2.3563146994580224,,,,,,3,"978,22,909",,,,,,fedrep_seed1_50r,FedRep,1,47b32ed30e84e2e8c485b7a8a62d494a3388426e77d0703f91571e03a5ba84fc,aa8854cd2e503503,plaintext,False,0.003,,,,,,,,,,,,,,
7,0.163612480539699,2.404046959103956,0.16252882919549586,2.4075393966030068,,,,,,3,"778,334,271",,,,,,fedrep_seed1_50r,FedRep,1,47b32ed30e84e2e8c485b7a8a62d494a3388426e77d0703f91571e03a5ba84fc,aa8854cd2e503503,plaintext,False,0.003,,,,,,,,,,,,,,
8,0.14710365853658536,2.6709706185644637,0.14719848053181386,2.6765931549968114,,,,,,3,"908,265,627",,,,,,fedrep_seed1_50r,FedRep,1,47b32ed30e84e2e8c485b7a8a62d494a3388426e77d0703f91571e03a5ba84fc,aa8854cd2e503503,plaintext,False,0.003,,,,,,,,,,,,,,
9,0.17631032693305657,2.503783198055492,0.17609550942884275,2.507376106172378,,,,,,3,"2,879,57",,,,,,fedrep_seed1_50r,FedRep,1,47b32ed30e84e2e8c485b7a8a62d494a3388426e77d0703f91571e03a5ba84fc,aa8854cd2e503503,plaintext,False,0.003,,,,,,,,,,,,,,
10,0.211387519460301,2.335773486628164,0.21014787681454347,2.339468442289747,,,,,,3,"841,956,544",,,,,,fedrep_seed1_50r,FedRep,1,47b32ed30e84e2e8c485b7a8a62d494a3388426e77d0703f91571e03a5ba84fc,aa8854cd2e503503,plaintext,False,0.003,,,,,,,,,,,,,,
11,0.22728009859885834,2.1647295502920643,0.22642789309455977,2.1644621387994865,,,,,,3,"25,464,372",,,,,,fedrep_seed1_50r,FedRep,1,47b32ed30e84e2e8c485b7a8a62d494a3388426e77d0703f91571e03a5ba84fc,aa8854cd2e503503,plaintext,False,0.003,,,,,,,,,,,,,,
12,0.2389724961079398,2.083892839465048,0.24013024013024012,2.0833107030030282,,,,,,3,"518,871,797",,,,,,fedrep_seed1_50r,FedRep,1,47b32ed30e84e2e8c485b7a8a62d494a3388426e77d0703f91571e03a5ba84fc,aa8854cd2e503503,plaintext,False,0.003,,,,,,,,,,,,,,
13,0.2406752724442138,2.093169004637422,0.2402659069325736,2.0933752460459405,,,,,,3,"945,452,304",,,,,,fedrep_seed1_50r,FedRep,1,47b32ed30e84e2e8c485b7a8a62d494a3388426e77d0703f91571e03a5ba84fc,aa8854cd2e503503,plaintext,False,0.003,,,,,,,,,,,,,,
14,0.2762876232485729,2.1431173053422534,0.2754036087369421,2.144061179239186,,,,,,3,"172,278,486",,,,,,fedrep_seed1_50r,FedRep,1,47b32ed30e84e2e8c485b7a8a62d494a3388426e77d0703f91571e03a5ba84fc,aa8854cd2e503503,plaintext,False,0.003,,,,,,,,,,,,,,
15,0.2721198754540737,2.2046382047279596,0.2703839370506037,2.204884861303179,,,,,,3,"825,374,488",,,,,,fedrep_seed1_50r,FedRep,1,47b32ed30e84e2e8c485b7a8a62d494a3388426e77d0703f91571e03a5ba84fc,aa8854cd2e503503,plaintext,False,0.003,,,,,,,,,,,,,,
16,0.314202776336274,2.0348610494397477,0.31216931216931215,2.035589048496524,,,,,,3,"221,988,882",,,,,,fedrep_seed1_50r,FedRep,1,47b32ed30e84e2e8c485b7a8a62d494a3388426e77d0703f91571e03a5ba84fc,aa8854cd2e503503,plaintext,False,0.003,,,,,,,,,,,,,,
17,0.3494421380384017,1.885262088699126,0.3511056844390178,1.886511934169713,,,,,,3,"786,499,930",,,,,,fedrep_seed1_50r,FedRep,1,47b32ed30e84e2e8c485b7a8a62d494a3388426e77d0703f91571e03a5ba84fc,aa8854cd2e503503,plaintext,False,0.003,,,,,,,,,,,,,,
18,0.38871951219512196,1.7777221451314824,0.3907203907203907,1.7804437111654645,,,,,,3,"246,751,75",,,,,,fedrep_seed1_50r,FedRep,1,47b32ed30e84e2e8c485b7a8a62d494a3388426e77d0703f91571e03a5ba84fc,aa8854cd2e503503,plaintext,False,0.003,,,,,,,,,,,,,,
19,0.4024876751427089,1.774725682640204,0.40320173653506985,1.7793166821150044,,,,,,3,"800,773,23",,,,,,fedrep_seed1_50r,FedRep,1,47b32ed30e84e2e8c485b7a8a62d494a3388426e77d0703f91571e03a5ba84fc,aa8854cd2e503503,plaintext,False,0.003,,,,,,,,,,,,,,
20,0.38056240269849506,1.9004977142902488,0.38366571699905033,1.9019180620236016,,,,,,3,"890,694,798",,,,,,fedrep_seed1_50r,FedRep,1,47b32ed30e84e2e8c485b7a8a62d494a3388426e77d0703f91571e03a5ba84fc,aa8854cd2e503503,plaintext,False,0.003,,,,,,,,,,,,,,
21,0.3530260768033212,1.8182067700591806,0.35300501967168635,1.8170748921891435,,,,,,3,"492,383,856",,,,,,fedrep_seed1_50r,FedRep,1,47b32ed30e84e2e8c485b7a8a62d494a3388426e77d0703f91571e03a5ba84fc,aa8854cd2e503503,plaintext,False,0.003,,,,,,,,,,,,,,
22,0.36603204462895694,1.7815832666614877,0.3681997015330349,1.7815430868194206,,,,,,3,"866,191,732",,,,,,fedrep_seed1_50r,FedRep,1,47b32ed30e84e2e8c485b7a8a62d494a3388426e77d0703f91571e03a5ba84fc,aa8854cd2e503503,plaintext,False,0.003,,,,,,,,,,,,,,
23,0.37994615983393876,1.8466192141616233,0.37783204449871116,1.8499723882443144,,,,,,3,"519,837,208",,,,,,fedrep_seed1_50r,FedRep,1,47b32ed30e84e2e8c485b7a8a62d494a3388426e77d0703f91571e03a5ba84fc,aa8854cd2e503503,plaintext,False,0.003,,,,,,,,,,,,,,
24,0.38748702646600935,1.8502107149602849,0.38705738705738707,1.856482527756704,,,,,,3,"131,354,982",,,,,,fedrep_seed1_50r,FedRep,1,47b32ed30e84e2e8c485b7a8a62d494a3388426e77d0703f91571e03a5ba84fc,aa8854cd2e503503,plaintext,False,0.003,,,,,,,,,,,,,,
25,0.3957576543850545,1.8718354509989539,0.3924840591507258,1.8796911508443996,,,,,,3,"688,49,288",,,,,,fedrep_seed1_50r,FedRep,1,47b32ed30e84e2e8c485b7a8a62d494a3388426e77d0703f91571e03a5ba84fc,aa8854cd2e503503,plaintext,False,0.003,,,,,,,,,,,,,,
26,0.38837895692786717,1.8854570781793374,0.3859720526387193,1.8956564146691595,,,,,,3,"769,824,107",,,,,,fedrep_seed1_50r,FedRep,1,47b32ed30e84e2e8c485b7a8a62d494a3388426e77d0703f91571e03a5ba84fc,aa8854cd2e503503,plaintext,False,0.003,,,,,,,,,,,,,,
27,0.38614102231447844,2.003808658443151,0.3812237145570479,2.017634685764096,,,,,,3,"754,768,23",,,,,,fedrep_seed1_50r,FedRep,1,47b32ed30e84e2e8c485b7a8a62d494a3388426e77d0703f91571e03a5ba84fc,aa8854cd2e503503,plaintext,False,0.003,,,,,,,,,,,,,,
28,0.38982226258432795,1.897195882341679,0.38610771944105277,1.907974675188188,,,,,,3,"63,312,392",,,,,,fedrep_seed1_50r,FedRep,1,47b32ed30e84e2e8c485b7a8a62d494a3388426e77d0703f91571e03a5ba84fc,aa8854cd2e503503,plaintext,False,0.003,,,,,,,,,,,,,,
29,0.3975901660612351,1.8391909471312577,0.3924840591507258,1.8483528545931824,,,,,,3,"795,973,794",,,,,,fedrep_seed1_50r,FedRep,1,47b32ed30e84e2e8c485b7a8a62d494a3388426e77d0703f91571e03a5ba84fc,aa8854cd2e503503,plaintext,False,0.003,,,,,,,,,,,,,,
30,0.39867669953295276,1.870746932960855,0.39289105955772624,1.8824786963192774,,,,,,3,"923,921,516",,,,,,fedrep_seed1_50r,FedRep,1,47b32ed30e84e2e8c485b7a8a62d494a3388426e77d0703f91571e03a5ba84fc,aa8854cd2e503503,plaintext,False,0.003,,,,,,,,,,,,,,
31,0.4029093149974053,1.9309334656018862,0.3973680640347307,1.946637784457506,,,,,,3,"975,558,222",,,,,,fedrep_seed1_50r,FedRep,1,47b32ed30e84e2e8c485b7a8a62d494a3388426e77d0703f91571e03a5ba84fc,aa8854cd2e503503,plaintext,False,0.003,,,,,,,,,,,,,,
32,0.3962603788271925,1.932328349177736,0.3907203907203907,1.9489664776409972,,,,,,3,"632,687,833",,,,,,fedrep_seed1_50r,FedRep,1,47b32ed30e84e2e8c485b7a8a62d494a3388426e77d0703f91571e03a5ba84fc,aa8854cd2e503503,plaintext,False,0.003,,,,,,,,,,,,,,
33,0.4159963674104826,1.8655066007335346,0.4105277438610772,1.8832459103036685,,,,,,3,"286,402,253",,,,,,fedrep_seed1_50r,FedRep,1,47b32ed30e84e2e8c485b7a8a62d494a3388426e77d0703f91571e03a5ba84fc,aa8854cd2e503503,plaintext,False,0.003,,,,,,,,,,,,,,
34,0.4506519200830306,1.7487614015469106,0.4459367792701126,1.7693524745002547,,,,,,3,"430,972,395",,,,,,fedrep_seed1_50r,FedRep,1,47b32ed30e84e2e8c485b7a8a62d494a3388426e77d0703f91571e03a5ba84fc,aa8854cd2e503503,plaintext,False,0.003,,,,,,,,,,,,,,
35,0.4542196419304619,1.714708871641026,0.44783611450278116,1.733915824124734,,,,,,3,"832,617,638",,,,,,fedrep_seed1_50r,FedRep,1,47b32ed30e84e2e8c485b7a8a62d494a3388426e77d0703f91571e03a5ba84fc,aa8854cd2e503503,plaintext,False,0.003,,,,,,,,,,,,,,
36,0.4507005708354956,1.7058242368253784,0.4477004477004477,1.7229901517971467,,,,,,3,"329,898,928",,,,,,fedrep_seed1_50r,FedRep,1,47b32ed30e84e2e8c485b7a8a62d494a3388426e77d0703f91571e03a5ba84fc,aa8854cd2e503503,plaintext,False,0.003,,,,,,,,,,,,,,
37,0.45558186299948106,1.6938310386964193,0.44932844932844934,1.7103734916350752,,,,,,3,"982,697,11",,,,,,fedrep_seed1_50r,FedRep,1,47b32ed30e84e2e8c485b7a8a62d494a3388426e77d0703f91571e03a5ba84fc,aa8854cd2e503503,plaintext,False,0.003,,,,,,,,,,,,,,
38,0.4653606642449403,1.6830966164445402,0.4592321258987926,1.7012887648351447,,,,,,3,"635,215,10",,,,,,fedrep_seed1_50r,FedRep,1,47b32ed30e84e2e8c485b7a8a62d494a3388426e77d0703f91571e03a5ba84fc,aa8854cd2e503503,plaintext,False,0.003,,,,,,,,,,,,,,
39,0.464744421380384,1.5947967224384727,0.46140279473612805,1.6097900671139953,,,,,,3,"173,201,929",,,,,,fedrep_seed1_50r,FedRep,1,47b32ed30e84e2e8c485b7a8a62d494a3388426e77d0703f91571e03a5ba84fc,aa8854cd2e503503,plaintext,False,0.003,,,,,,,,,,,,,,
40,0.47716658017644004,1.4906317098104247,0.47442680776014107,1.504085193560724,,,,,,3,"204,71,594",,,,,,fedrep_seed1_50r,FedRep,1,47b32ed30e84e2e8c485b7a8a62d494a3388426e77d0703f91571e03a5ba84fc,aa8854cd2e503503,plaintext,False,0.003,,,,,,,,,,,,,,
41,0.4592306694343539,1.5099260681814919,0.45801112467779137,1.5176421165088572,,,,,,3,"219,522,833",,,,,,fedrep_seed1_50r,FedRep,1,47b32ed30e84e2e8c485b7a8a62d494a3388426e77d0703f91571e03a5ba84fc,aa8854cd2e503503,plaintext,False,0.003,,,,,,,,,,,,,,
42,0.45681434872859367,1.5191796833640583,0.4521774521774522,1.5308983876124334,,,,,,3,"521,737,740",,,,,,fedrep_seed1_50r,FedRep,1,47b32ed30e84e2e8c485b7a8a62d494a3388426e77d0703f91571e03a5ba84fc,aa8854cd2e503503,plaintext,False,0.003,,,,,,,,,,,,,,
43,0.4514951997924235,1.6059343078892356,0.4504137837471171,1.6177407786361389,,,,,,3,"858,986,183",,,,,,fedrep_seed1_50r,FedRep,1,47b32ed30e84e2e8c485b7a8a62d494a3388426e77d0703f91571e03a5ba84fc,aa8854cd2e503503,plaintext,False,0.003,,,,,,,,,,,,,,
44,0.4638362740010379,1.6335494655312717,0.46058879392212726,1.6453669341742154,,,,,,3,"118,19,41",,,,,,fedrep_seed1_50r,FedRep,1,47b32ed30e84e2e8c485b7a8a62d494a3388426e77d0703f91571e03a5ba84fc,aa8854cd2e503503,plaintext,False,0.003,,,,,,,,,,,,,,
45,0.4622632330046705,1.3979139514462144,0.46086012752679417,1.3986497349683509,,,,,,3,"726,243,342",,,,,,fedrep_seed1_50r,FedRep,1,47b32ed30e84e2e8c485b7a8a62d494a3388426e77d0703f91571e03a5ba84fc,aa8854cd2e503503,plaintext,False,0.003,,,,,,,,,,,,,,
46,0.47805851063829785,1.4314172474534177,0.4783611450278117,1.4327972948315197,,,,,,3,"576,629,557",,,,,,fedrep_seed1_50r,FedRep,1,47b32ed30e84e2e8c485b7a8a62d494a3388426e77d0703f91571e03a5ba84fc,aa8854cd2e503503,plaintext,False,0.003,,,,,,,,,,,,,,
47,0.49017254800207577,1.4300104689642426,0.4908424908424908,1.4309814200480577,,,,,,3,"530,926,586",,,,,,fedrep_seed1_50r,FedRep,1,47b32ed30e84e2e8c485b7a8a62d494a3388426e77d0703f91571e03a5ba84fc,aa8854cd2e503503,plaintext,False,0.003,,,,,,,,,,,,,,
48,0.491437467566165,1.4195655240914447,0.49097815764482433,1.4209518264942906,,,,,,3,"847,474,853",,,,,,fedrep_seed1_50r,FedRep,1,47b32ed30e84e2e8c485b7a8a62d494a3388426e77d0703f91571e03a5ba84fc,aa8854cd2e503503,plaintext,False,0.003,,,,,,,,,,,,,,
49,0.4895725220550078,1.4279787701184186,0.4893501560168227,1.429052838271768,,,,,,3,"318,794,718",,,,,,fedrep_seed1_50r,FedRep,1,47b32ed30e84e2e8c485b7a8a62d494a3388426e77d0703f91571e03a5ba84fc,aa8854cd2e503503,plaintext,False,0.003,,,,,,,,,,,,,,
