seed,clients,coordinates,scale,clip_bound,chunk_size,chunks,clipped_fraction,max_abs_error,mean_abs_error,elapsed_ms_median,elapsed_ms_min,elapsed_ms_max,timing_repeats,backend
0,8,32768,1024,0.5,256,128,0.5093879699707031,1.5920394145162804,0.1423366440693568,15.318400000978727,14.073500000449712,19.028099999559345,7,chunked-reference
0,8,32768,1024,0.5,1024,32,0.5093879699707031,1.5920394145162804,0.1423366440693568,10.181600000578328,8.371999998416868,10.316399999283021,7,chunked-reference
0,8,32768,1024,0.5,4096,8,0.5093879699707031,1.5920394145162804,0.1423366440693568,7.903499999883934,5.929300001298543,22.817099999883794,7,chunked-reference
0,8,32768,1024,0.5,16384,2,0.5093879699707031,1.5920394145162804,0.1423366440693568,6.974299998546485,5.599399999482557,7.681400000365102,7,chunked-reference
0,8,32768,1024,0.5,65536,1,0.5093879699707031,1.5920394145162804,0.1423366440693568,7.1592000003875,6.21809999938705,7.229900000311318,7,chunked-reference
0,8,32768,1024,1.0,256,128,0.1901702880859375,1.6368511021545546,0.07327764367909008,17.418299999917508,14.413900000363356,19.024899998839828,7,chunked-reference
0,8,32768,1024,1.0,1024,32,0.1901702880859375,1.6368511021545546,0.07327764367909008,8.993999999802327,7.68909999897005,10.489899999811314,7,chunked-reference
0,8,32768,1024,1.0,4096,8,0.1901702880859375,1.6368511021545546,0.07327764367909008,6.929799999852548,5.985099998724763,7.853099999920232,7,chunked-reference
0,8,32768,1024,1.0,16384,2,0.1901702880859375,1.6368511021545546,0.07327764367909008,7.241299999805051,6.299200000285055,7.884499998908723,7,chunked-reference
0,8,32768,1024,1.0,65536,1,0.1901702880859375,1.6368511021545546,0.07327764367909008,7.373099999313126,5.735000000640866,7.767999999487074,7,chunked-reference
0,8,32768,1024,2.0,256,128,0.017425537109375,1.3771373300306609,0.02117871117230576,17.24649999960093,15.401200000269455,18.22589999937918,7,chunked-reference
0,8,32768,1024,2.0,1024,32,0.017425537109375,1.3771373300306609,0.02117871117230576,9.973499998523039,8.258099998784019,10.615099999995437,7,chunked-reference
0,8,32768,1024,2.0,4096,8,0.017425537109375,1.3771373300306609,0.02117871117230576,6.522100000438513,6.035399999746005,8.623600000646547,7,chunked-reference
0,8,32768,1024,2.0,16384,2,0.017425537109375,1.3771373300306609,0.02117871117230576,6.88810000065132,5.567399999563349,7.44959999974526,7,chunked-reference
0,8,32768,1024,2.0,65536,1,0.017425537109375,1.3771373300306609,0.02117871117230576,7.274699999470613,5.961900000329479,7.383800000752672,7,chunked-reference
0,8,32768,1024,8.0,256,128,0.0,0.00041101193709691154,8.365659469387928e-05,18.769000000247615,15.270399999280926,20.81250000082946,7,chunked-reference
0,8,32768,1024,8.0,1024,32,0.0,0.00041101193709691154,8.365659469387928e-05,9.326600000349572,7.481500000722008,10.509699999602162,7,chunked-reference
0,8,32768,1024,8.0,4096,8,0.0,0.00041101193709691154,8.365659469387928e-05,7.270699999935459,5.964199999652919,8.201200000257813,7,chunked-reference
0,8,32768,1024,8.0,16384,2,0.0,0.00041101193709691154,8.365659469387928e-05,6.433100001231651,5.47030000052473,7.346200000029057,7,chunked-reference
0,8,32768,1024,8.0,65536,1,0.0,0.00041101193709691154,8.365659469387928e-05,6.022300000040559,5.446400000437279,7.115899999917019,7,chunked-reference
0,8,32768,16384,0.5,256,128,0.5093879699707031,1.59202699143138,0.14233683402057273,16.274199999315897,14.878200001476216,18.449200000759447,7,chunked-reference
0,8,32768,16384,0.5,1024,32,0.5093879699707031,1.59202699143138,0.14233683402057273,9.11400000040885,8.087300000624964,10.508299999855808,7,chunked-reference
0,8,32768,16384,0.5,4096,8,0.5093879699707031,1.59202699143138,0.14233683402057273,6.641099998887512,5.8625999990908895,8.544000000256347,7,chunked-reference
0,8,32768,16384,0.5,16384,2,0.5093879699707031,1.59202699143138,0.14233683402057273,7.908499999757623,6.140800000139279,8.089400000244495,7,chunked-reference
0,8,32768,16384,0.5,65536,1,0.5093879699707031,1.59202699143138,0.14233683402057273,11.832700000013574,7.6539000001503155,35.78919999927166,7,chunked-reference
0,8,32768,16384,1.0,256,128,0.1901702880859375,1.6369372535476687,0.07326375474453428,17.71269999881042,15.355899999121903,22.369199999957345,7,chunked-reference
0,8,32768,16384,1.0,1024,32,0.1901702880859375,1.6369372535476687,0.07326375474453428,10.0337000003492,8.54570000046806,12.904799999887473,7,chunked-reference
0,8,32768,16384,1.0,4096,8,0.1901702880859375,1.6369372535476687,0.07326375474453428,6.727899999532383,6.3677999987703515,8.585999999922933,7,chunked-reference
0,8,32768,16384,1.0,16384,2,0.1901702880859375,1.6369372535476687,0.07326375474453428,6.517999998322921,6.026499999279622,7.378700000117533,7,chunked-reference
0,8,32768,16384,1.0,65536,1,0.1901702880859375,1.6369372535476687,0.07326375474453428,7.5176999998802785,6.33910000033211,7.955999999467167,7,chunked-reference
0,8,32768,16384,2.0,256,128,0.017425537109375,1.3771972849186587,0.021110627684816807,17.15150000018184,15.712999998868327,21.367900000768714,7,chunked-reference
0,8,32768,16384,2.0,1024,32,0.017425537109375,1.3771972849186587,0.021110627684816807,10.228700000880053,8.057600000029197,11.074599999119528,7,chunked-reference
0,8,32768,16384,2.0,4096,8,0.017425537109375,1.3771972849186587,0.021110627684816807,7.443200000125216,5.951700000878191,8.450799999991432,7,chunked-reference
0,8,32768,16384,2.0,16384,2,0.017425537109375,1.3771972849186587,0.021110627684816807,6.468499999755295,5.676700000549317,7.859299999836367,7,chunked-reference
0,8,32768,16384,2.0,65536,1,0.017425537109375,1.3771972849186587,0.021110627684816807,7.2069000016199425,5.574700000579469,7.70840000041062,7,chunked-reference
0,8,32768,16384,8.0,256,128,0.0,2.3712349081939088e-05,5.237985021130596e-06,15.403499999592896,14.662700001281337,19.062400000620983,7,chunked-reference
0,8,32768,16384,8.0,1024,32,0.0,2.3712349081939088e-05,5.237985021130596e-06,9.771500001079403,8.414400001129252,10.910099999819067,7,chunked-reference
0,8,32768,16384,8.0,4096,8,0.0,2.3712349081939088e-05,5.237985021130596e-06,6.549800000357209,5.874799999219249,6.960099999560043,7,chunked-reference
0,8,32768,16384,8.0,16384,2,0.0,2.3712349081939088e-05,5.237985021130596e-06,6.12120000005234,5.525200000192854,7.525199998781318,7,chunked-reference
0,8,32768,16384,8.0,65536,1,0.0,2.3712349081939088e-05,5.237985021130596e-06,5.996400001095026,5.460399999719812,7.376200001090183,7,chunked-reference
0,8,32768,262144,0.5,256,128,0.5093879699707031,1.5920258267671705,0.14233680405236465,16.21990000057849,14.450800001213793,19.765899998674286,7,chunked-reference
0,8,32768,262144,0.5,1024,32,0.5093879699707031,1.5920258267671705,0.14233680405236465,9.18920000003709,7.677700001295307,33.978100000240374,7,chunked-reference
0,8,32768,262144,0.5,4096,8,0.5093879699707031,1.5920258267671705,0.14233680405236465,6.845800000519375,5.9547000000748085,8.191900000383612,7,chunked-reference
0,8,32768,262144,0.5,16384,2,0.5093879699707031,1.5920258267671705,0.14233680405236465,6.65590000062366,5.6150000000343425,7.3296999999001855,7,chunked-reference
0,8,32768,262144,0.5,65536,1,0.5093879699707031,1.5920258267671705,0.14233680405236465,5.612099999780185,5.33250000080443,7.126000000425847,7,chunked-reference
0,8,32768,262144,1.0,256,128,0.1901702880859375,1.6369357259808432,0.07326284105880912,16.495399999257643,14.717000000018743,20.205500000884058,7,chunked-reference
0,8,32768,262144,1.0,1024,32,0.1901702880859375,1.6369357259808432,0.07326284105880912,10.07000000026892,8.25050000094052,10.819099999935133,7,chunked-reference
0,8,32768,262144,1.0,4096,8,0.1901702880859375,1.6369357259808432,0.07326284105880912,6.482099999630009,5.955200000244076,6.981800001085503,7,chunked-reference
0,8,32768,262144,1.0,16384,2,0.1901702880859375,1.6369357259808432,0.07326284105880912,7.361799998761853,5.561899999520392,7.9001000012794975,7,chunked-reference
0,8,32768,262144,1.0,65536,1,0.1901702880859375,1.6369357259808432,0.07326284105880912,7.029899999906775,5.490399998961948,13.555800000176532,7,chunked-reference
0,8,32768,262144,2.0,256,128,0.017425537109375,1.3771941875870293,0.02110634086417514,15.166299999691546,14.492399999653571,20.61879999928351,7,chunked-reference
0,8,32768,262144,2.0,1024,32,0.017425537109375,1.3771941875870293,0.02110634086417514,7.986900000105379,7.452300000295509,9.078200000658398,7,chunked-reference
0,8,32768,262144,2.0,4096,8,0.017425537109375,1.3771941875870293,0.02110634086417514,6.884399999762536,5.9832000006281305,8.016200001293328,7,chunked-reference
0,8,32768,262144,2.0,16384,2,0.017425537109375,1.3771941875870293,0.02110634086417514,6.158599999253056,5.4490000002260786,7.600299999467097,7,chunked-reference
0,8,32768,262144,2.0,65536,1,0.017425537109375,1.3771941875870293,0.02110634086417514,7.378199999948265,6.797899999583024,7.774099998641759,7,chunked-reference
0,8,32768,262144,8.0,256,128,0.0,1.434515236407169e-06,3.2785216140246354e-07,18.718999999691732,15.14359999964654,20.583999999871594,7,chunked-reference
0,8,32768,262144,8.0,1024,32,0.0,1.434515236407169e-06,3.2785216140246354e-07,8.351000000402564,7.485699999961071,10.118999998667277,7,chunked-reference
0,8,32768,262144,8.0,4096,8,0.0,1.434515236407169e-06,3.2785216140246354e-07,6.865800000014133,6.138400000054389,8.548200001314399,7,chunked-reference
0,8,32768,262144,8.0,16384,2,0.0,1.434515236407169e-06,3.2785216140246354e-07,7.336199998462689,6.34159999935946,7.819200000085402,7,chunked-reference
0,8,32768,262144,8.0,65536,1,0.0,1.434515236407169e-06,3.2785216140246354e-07,6.31240000075195,5.597900000793743,7.373099999313126,7,chunked-reference
1,8,32768,1024,0.5,256,128,0.5085945129394531,1.7220871039329837,0.14258626113442652,16.563099999984843,15.05179999912798,20.42020000044431,7,chunked-reference
1,8,32768,1024,0.5,1024,32,0.5085945129394531,1.7220871039329837,0.14258626113442652,10.485299999345443,7.663200000024517,11.379800000213436,7,chunked-reference
1,8,32768,1024,0.5,4096,8,0.5085945129394531,1.7220871039329837,0.14258626113442652,6.642600001214305,6.080600000132108,8.126799999445211,7,chunked-reference
1,8,32768,1024,0.5,16384,2,0.5085945129394531,1.7220871039329837,0.14258626113442652,6.809299999076757,5.491399999300484,7.489899999200134,7,chunked-reference
1,8,32768,1024,0.5,65536,1,0.5085945129394531,1.7220871039329837,0.14258626113442652,6.64150000011432,5.826599999636528,7.58750000022701,7,chunked-reference
1,8,32768,1024,1.0,256,128,0.1898193359375,1.592286391820152,0.07298930863936154,17.95769999989716,15.522300000156974,20.047099998919293,7,chunked-reference
1,8,32768,1024,1.0,1024,32,0.1898193359375,1.592286391820152,0.07298930863936154,8.407900000747759,7.49309999991965,9.075799998754519,7,chunked-reference
1,8,32768,1024,1.0,4096,8,0.1898193359375,1.592286391820152,0.07298930863936154,7.836900000256719,7.221399999252753,8.580499999879976,7,chunked-reference
1,8,32768,1024,1.0,16384,2,0.1898193359375,1.592286391820152,0.07298930863936154,6.181200000355602,5.54310000006808,7.302599999093218,7,chunked-reference
1,8,32768,1024,1.0,65536,1,0.1898193359375,1.592286391820152,0.07298930863936154,7.295199999134638,5.730799999582814,7.590600000185077,7,chunked-reference
1,8,32768,1024,2.0,256,128,0.0173797607421875,1.2197407612891784,0.021414927168243662,17.045900000084657,15.696200000093086,19.277699999292963,7,chunked-reference
1,8,32768,1024,2.0,1024,32,0.0173797607421875,1.2197407612891784,0.021414927168243662,8.917799999835552,8.084799999778625,10.906700001214631,7,chunked-reference
1,8,32768,1024,2.0,4096,8,0.0173797607421875,1.2197407612891784,0.021414927168243662,7.1547999996255385,6.034500000168919,8.536999999705586,7,chunked-reference
1,8,32768,1024,2.0,16384,2,0.0173797607421875,1.2197407612891784,0.021414927168243662,7.446699999491102,5.54060000104073,8.02540000040608,7,chunked-reference
1,8,32768,1024,2.0,65536,1,0.0173797607421875,1.2197407612891784,0.021414927168243662,6.499200000689598,5.571400000917492,7.885600000008708,7,chunked-reference
1,8,32768,1024,8.0,256,128,0.0,0.0003667418795242211,8.340420425054674e-05,15.048899998873821,14.36949999879289,20.617500000298605,7,chunked-reference
1,8,32768,1024,8.0,1024,32,0.0,0.0003667418795242211,8.340420425054674e-05,8.356000000276254,7.707300001129624,10.472500000105356,7,chunked-reference
1,8,32768,1024,8.0,4096,8,0.0,0.0003667418795242211,8.340420425054674e-05,7.001799998761271,6.552599999849917,8.307699999932083,7,chunked-reference
1,8,32768,1024,8.0,16384,2,0.0,0.0003667418795242211,8.340420425054674e-05,7.32140000036452,5.498300000908785,7.97940000120434,7,chunked-reference
1,8,32768,1024,8.0,65536,1,0.0,0.0003667418795242211,8.340420425054674e-05,6.583899999895948,6.2813000004098285,7.412200000544544,7,chunked-reference
1,8,32768,16384,0.5,256,128,0.5085945129394531,1.722133555467829,0.14258599134056915,15.437199999723816,14.43729999846255,18.18479999928968,7,chunked-reference
1,8,32768,16384,0.5,1024,32,0.5085945129394531,1.722133555467829,0.14258599134056915,10.479499998837127,7.942800000819261,37.09349999917322,7,chunked-reference
1,8,32768,16384,0.5,4096,8,0.5085945129394531,1.722133555467829,0.14258599134056915,7.480700000087381,6.694100000459002,8.234000000811648,7,chunked-reference
1,8,32768,16384,0.5,16384,2,0.5085945129394531,1.722133555467829,0.14258599134056915,6.364400000165915,5.50180000027467,8.043100000577397,7,chunked-reference
1,8,32768,16384,0.5,65536,1,0.5085945129394531,1.722133555467829,0.14258599134056915,6.136599999081227,5.588199999692733,7.498299999497249,7,chunked-reference
1,8,32768,16384,1.0,256,128,0.1898193359375,1.5923942836118417,0.07297525874817755,15.495199999350007,15.026299999590265,19.587200000387384,7,chunked-reference
1,8,32768,16384,1.0,1024,32,0.1898193359375,1.5923942836118417,0.07297525874817755,7.934699999168515,7.491700000173296,10.97949999893899,7,chunked-reference
1,8,32768,16384,1.0,4096,8,0.1898193359375,1.5923942836118417,0.07297525874817755,7.586800000353833,6.205499999850872,8.377900001505623,7,chunked-reference
1,8,32768,16384,1.0,16384,2,0.1898193359375,1.5923942836118417,0.07297525874817755,6.2152000009518815,5.5036000012478326,7.540500000686734,7,chunked-reference
1,8,32768,16384,1.0,65536,1,0.1898193359375,1.5923942836118417,0.07297525874817755,5.978000001050532,5.334800000127871,7.638499999302439,7,chunked-reference
1,8,32768,16384,2.0,256,128,0.0173797607421875,1.2198810611284345,0.02134690454863234,17.179799999212264,15.683200001149089,20.257800000763382,7,chunked-reference
1,8,32768,16384,2.0,1024,32,0.0173797607421875,1.2198810611284345,0.02134690454863234,10.126999999556574,8.063799999945331,10.80060000094818,7,chunked-reference
1,8,32768,16384,2.0,4096,8,0.0173797607421875,1.2198810611284345,0.02134690454863234,7.272400000147172,6.372499999997672,8.24069999907806,7,chunked-reference
1,8,32768,16384,2.0,16384,2,0.0173797607421875,1.2198810611284345,0.02134690454863234,5.997100000968203,5.599099999017199,6.374100001266925,7,chunked-reference
1,8,32768,16384,2.0,65536,1,0.0173797607421875,1.2198810611284345,0.02134690454863234,6.993200000579236,5.661299999701441,7.995899999514222,7,chunked-reference
1,8,32768,16384,8.0,256,128,0.0,2.3330674523619477e-05,5.230985616037574e-06,16.92159999947762,14.757799999642884,19.65070000005653,7,chunked-reference
1,8,32768,16384,8.0,1024,32,0.0,2.3330674523619477e-05,5.230985616037574e-06,8.428799999819603,7.782399999996414,13.177200000427547,7,chunked-reference
1,8,32768,16384,8.0,4096,8,0.0,2.3330674523619477e-05,5.230985616037574e-06,6.944299999304349,5.984899999020854,8.051799999520881,7,chunked-reference
1,8,32768,16384,8.0,16384,2,0.0,2.3330674523619477e-05,5.230985616037574e-06,7.424400000672904,6.5785999995569,7.823800000551273,7,chunked-reference
1,8,32768,16384,8.0,65536,1,0.0,2.3330674523619477e-05,5.230985616037574e-06,6.706399999529822,5.57210000079067,7.584899998619221,7,chunked-reference
1,8,32768,262144,0.5,256,128,0.5085945129394531,1.722133462632276,0.1425859678235677,20.501999999396503,15.478799999982584,23.55859999988752,7,chunked-reference
1,8,32768,262144,0.5,1024,32,0.5085945129394531,1.722133462632276,0.1425859678235677,10.78620000043884,8.272600000054808,11.022799999409472,7,chunked-reference
1,8,32768,262144,0.5,4096,8,0.5085945129394531,1.722133462632276,0.1425859678235677,7.8038999999989755,5.952699999397737,8.063799999945331,7,chunked-reference
1,8,32768,262144,0.5,16384,2,0.5085945129394531,1.722133462632276,0.1425859678235677,6.281399999352288,5.508099999133265,7.464999998774147,7,chunked-reference
1,8,32768,262144,0.5,65536,1,0.5085945129394531,1.722133462632276,0.1425859678235677,7.341900000028545,6.208999999216758,8.60370000009425,7,chunked-reference
1,8,32768,262144,1.0,256,128,0.1898193359375,1.5923909752903191,0.07297437104665608,15.99749999877531,14.610100000936654,19.330199998876196,7,chunked-reference
1,8,32768,262144,1.0,1024,32,0.1898193359375,1.5923909752903191,0.07297437104665608,8.276099999420694,7.620500000484753,10.613700000249082,7,chunked-reference
1,8,32768,262144,1.0,4096,8,0.1898193359375,1.5923909752903191,0.07297437104665608,6.9810999993933365,6.007300000419491,7.668000000194297,7,chunked-reference
1,8,32768,262144,1.0,16384,2,0.1898193359375,1.5923909752903191,0.07297437104665608,7.270300000527641,6.0962000006838934,7.94550000136951,7,chunked-reference
1,8,32768,262144,1.0,65536,1,0.1898193359375,1.5923909752903191,0.07297437104665608,6.803399999625981,5.428200000096695,7.745000000795699,7,chunked-reference
1,8,32768,262144,2.0,256,128,0.0173797607421875,1.2198802846856283,0.021342645309963684,19.853199999488425,15.694700001404271,20.109799999772804,7,chunked-reference
1,8,32768,262144,2.0,1024,32,0.0173797607421875,1.2198802846856283,0.021342645309963684,9.691499999462394,7.857000000512926,10.745199999291799,7,chunked-reference
1,8,32768,262144,2.0,4096,8,0.0173797607421875,1.2198802846856283,0.021342645309963684,7.135399999242509,6.028599998899153,8.315099999890663,7,chunked-reference
1,8,32768,262144,2.0,16384,2,0.0173797607421875,1.2198802846856283,0.021342645309963684,7.046299999274197,5.781500000011874,7.843800000046031,7,chunked-reference
1,8,32768,262144,2.0,65536,1,0.0173797607421875,1.2198802846856283,0.021342645309963684,6.270500000027823,5.524199999854318,7.5527999997575535,7,chunked-reference
1,8,32768,262144,8.0,256,128,0.0,1.4035986605487327e-06,3.2527809301817106e-07,16.54190000044764,15.260099999068188,17.449799999667448,7,chunked-reference
1,8,32768,262144,8.0,1024,32,0.0,1.4035986605487327e-06,3.2527809301817106e-07,9.732200000144076,7.962699999552569,11.077600000135135,7,chunked-reference
1,8,32768,262144,8.0,4096,8,0.0,1.4035986605487327e-06,3.2527809301817106e-07,8.019700000659213,5.9397999993962,8.150499999828753,7,chunked-reference
1,8,32768,262144,8.0,16384,2,0.0,1.4035986605487327e-06,3.2527809301817106e-07,7.494999999835272,6.292199999734294,7.8704000006837305,7,chunked-reference
1,8,32768,262144,8.0,65536,1,0.0,1.4035986605487327e-06,3.2527809301817106e-07,6.7334999985178,5.692700000508921,7.346700000198325,7,chunked-reference
2,8,32768,1024,0.5,256,128,0.5088272094726562,1.6158878983295448,0.14232586549250714,18.79449999978533,15.836700000363635,19.41850000002887,7,chunked-reference
2,8,32768,1024,0.5,1024,32,0.5088272094726562,1.6158878983295448,0.14232586549250714,8.621000000857748,7.617499999469146,9.030700000948855,7,chunked-reference
2,8,32768,1024,0.5,4096,8,0.5088272094726562,1.6158878983295448,0.14232586549250714,7.181799999671057,6.084799999371171,8.277999999336316,7,chunked-reference
2,8,32768,1024,0.5,16384,2,0.5088272094726562,1.6158878983295448,0.14232586549250714,7.524299999204231,7.318600000871811,7.825799999409355,7,chunked-reference
2,8,32768,1024,0.5,65536,1,0.5088272094726562,1.6158878983295448,0.14232586549250714,7.289199998922413,6.001100000503357,7.572700000309851,7,chunked-reference
2,8,32768,1024,1.0,256,128,0.18934249877929688,1.4244643640375094,0.0726518646999822,16.54909999888332,15.171300001384225,19.98979999916628,7,chunked-reference
2,8,32768,1024,1.0,1024,32,0.18934249877929688,1.4244643640375094,0.0726518646999822,8.389599999645725,7.545800001025782,9.993300000132876,7,chunked-reference
2,8,32768,1024,1.0,4096,8,0.18934249877929688,1.4244643640375094,0.0726518646999822,7.450100001733517,6.058700000721728,8.528299998943112,7,chunked-reference
2,8,32768,1024,1.0,16384,2,0.18934249877929688,1.4244643640375094,0.0726518646999822,7.397700001092744,5.507100000613718,7.75670000075479,7,chunked-reference
2,8,32768,1024,1.0,65536,1,0.18934249877929688,1.4244643640375094,0.0726518646999822,5.667199999152217,5.425400000603986,7.337000000916305,7,chunked-reference
2,8,32768,1024,2.0,256,128,0.01717376708984375,1.0946455034180405,0.02093469277823929,15.937899999698857,14.455700000326033,20.019700001284946,7,chunked-reference
2,8,32768,1024,2.0,1024,32,0.01717376708984375,1.0946455034180405,0.02093469277823929,10.435500000312459,8.472199999232544,10.591399999611895,7,chunked-reference
2,8,32768,1024,2.0,4096,8,0.01717376708984375,1.0946455034180405,0.02093469277823929,6.575400000656373,5.921700001636054,7.4838000000454485,7,chunked-reference
2,8,32768,1024,2.0,16384,2,0.01717376708984375,1.0946455034180405,0.02093469277823929,6.115000000136206,5.574000000706292,8.012399999643094,7,chunked-reference
2,8,32768,1024,2.0,65536,1,0.01717376708984375,1.0946455034180405,0.02093469277823929,6.339399998978479,5.812400000650086,7.310200000574696,7,chunked-reference
2,8,32768,1024,8.0,256,128,0.0,0.00038669716918479646,8.337526381523158e-05,17.09839999966789,14.876700000968412,20.42750000146043,7,chunked-reference
2,8,32768,1024,8.0,1024,32,0.0,0.00038669716918479646,8.337526381523158e-05,9.263600000849692,7.7301000001170905,10.848300000361633,7,chunked-reference
2,8,32768,1024,8.0,4096,8,0.0,0.00038669716918479646,8.337526381523158e-05,6.456999999500113,6.259899999349727,7.5690999983635265,7,chunked-reference
2,8,32768,1024,8.0,16384,2,0.0,0.00038669716918479646,8.337526381523158e-05,7.622700000865734,5.972700000711484,8.133999999699881,7,chunked-reference
2,8,32768,1024,8.0,65536,1,0.0,0.00038669716918479646,8.337526381523158e-05,6.338299999697483,5.416399999376154,6.925599998794496,7,chunked-reference
2,8,32768,16384,0.5,256,128,0.5088272094726562,1.6158511692089697,0.1423258248750845,17.956599998797174,14.994900000601774,19.584900001063943,7,chunked-reference
2,8,32768,16384,0.5,1024,32,0.5088272094726562,1.6158511692089697,0.1423258248750845,8.604499998909887,7.506100000682636,8.920199999920442,7,chunked-reference
2,8,32768,16384,0.5,4096,8,0.5088272094726562,1.6158511692089697,0.1423258248750845,6.795299999794224,5.890599999474944,7.1947999986150535,7,chunked-reference
2,8,32768,16384,0.5,16384,2,0.5088272094726562,1.6158511692089697,0.1423258248750845,5.969199999526609,5.575399998633657,7.041299999400508,7,chunked-reference
2,8,32768,16384,0.5,65536,1,0.5088272094726562,1.6158511692089697,0.1423258248750845,6.102499999542488,5.454799998915405,7.1821000001364155,7,chunked-reference
2,8,32768,16384,1.0,256,128,0.18934249877929688,1.4244640939704463,0.07263721523833176,15.567700000246987,14.283500000601634,19.37259999976959,7,chunked-reference
2,8,32768,16384,1.0,1024,32,0.18934249877929688,1.4244640939704463,0.07263721523833176,9.482299999945099,7.707799999479903,10.686399999030982,7,chunked-reference
2,8,32768,16384,1.0,4096,8,0.18934249877929688,1.4244640939704463,0.07263721523833176,8.284999999887077,7.652000000234693,8.312699999805773,7,chunked-reference
2,8,32768,16384,1.0,16384,2,0.18934249877929688,1.4244640939704463,0.07263721523833176,7.209700001112651,5.737899999076035,7.8438999989884906,7,chunked-reference
2,8,32768,16384,1.0,65536,1,0.18934249877929688,1.4244640939704463,0.07263721523833176,6.653299999015871,6.363899999996647,7.663099999263068,7,chunked-reference
2,8,32768,16384,2.0,256,128,0.01717376708984375,1.0946825026056786,0.020866637596589768,19.792299999608076,17.07920000080776,20.58980000037991,7,chunked-reference
2,8,32768,16384,2.0,1024,32,0.01717376708984375,1.0946825026056786,0.020866637596589768,10.240800000246963,7.868700000472018,10.721099999500439,7,chunked-reference
2,8,32768,16384,2.0,4096,8,0.01717376708984375,1.0946825026056786,0.020866637596589768,7.392299999992247,6.745299999238341,8.19739999860758,7,chunked-reference
2,8,32768,16384,2.0,16384,2,0.01717376708984375,1.0946825026056786,0.020866637596589768,6.861299998490722,5.475899999510148,7.578599999760627,7,chunked-reference
2,8,32768,16384,2.0,65536,1,0.01717376708984375,1.0946825026056786,0.020866637596589768,6.857700000182376,5.756100001235609,7.82930000059423,7,chunked-reference
2,8,32768,16384,8.0,256,128,0.0,2.4665227252307353e-05,5.205434798364561e-06,16.373800001019845,15.475600001082057,20.486899999013986,7,chunked-reference
2,8,32768,16384,8.0,1024,32,0.0,2.4665227252307353e-05,5.205434798364561e-06,8.635999998659827,7.84399999974994,10.608300000967574,7,chunked-reference
2,8,32768,16384,8.0,4096,8,0.0,2.4665227252307353e-05,5.205434798364561e-06,7.184800000686664,5.979800000204705,8.066800000960939,7,chunked-reference
2,8,32768,16384,8.0,16384,2,0.0,2.4665227252307353e-05,5.205434798364561e-06,6.150700000944198,5.4914999982429435,7.7015999995637685,7,chunked-reference
2,8,32768,16384,8.0,65536,1,0.0,2.4665227252307353e-05,5.205434798364561e-06,6.785899999158573,5.697300000974792,9.24010000017006,7,chunked-reference
2,8,32768,262144,0.5,256,128,0.5088272094726562,1.615848021239766,0.142325797718563,16.692799999873387,15.33709999966959,20.51940000092145,7,chunked-reference
2,8,32768,262144,0.5,1024,32,0.5088272094726562,1.615848021239766,0.142325797718563,10.124899999937043,8.332299999892712,11.12250000005588,7,chunked-reference
2,8,32768,262144,0.5,4096,8,0.5088272094726562,1.615848021239766,0.142325797718563,7.9454000006080605,6.157800000437419,8.531799998308998,7,chunked-reference
2,8,32768,262144,0.5,16384,2,0.5088272094726562,1.615848021239766,0.142325797718563,5.976399999781279,5.670299999110284,7.547799999883864,7,chunked-reference
2,8,32768,262144,0.5,65536,1,0.5088272094726562,1.615848021239766,0.142325797718563,6.43810000110534,5.470800000693998,7.330599999477272,7,chunked-reference
2,8,32768,262144,1.0,256,128,0.18934249877929688,1.4244607687697326,0.07263632702429956,15.95869999982824,14.627500000642613,17.941499998414656,7,chunked-reference
2,8,32768,262144,1.0,1024,32,0.18934249877929688,1.4244607687697326,0.07263632702429956,9.880800000246381,7.487599999876693,11.227500001041335,7,chunked-reference
2,8,32768,262144,1.0,4096,8,0.18934249877929688,1.4244607687697326,0.07263632702429956,8.28650000039488,5.994500001179404,8.419299998422503,7,chunked-reference
2,8,32768,262144,1.0,16384,2,0.18934249877929688,1.4244607687697326,0.07263632702429956,6.22779999866907,5.529100000785547,6.966299999476178,7,chunked-reference
2,8,32768,262144,1.0,65536,1,0.18934249877929688,1.4244607687697326,0.07263632702429956,6.2556000011682045,5.428000000392785,7.413899998937268,7,chunked-reference
2,8,32768,262144,2.0,256,128,0.01717376708984375,1.0946815067333837,0.020862387741767338,18.33450000049197,15.55009999901813,20.61380000122881,7,chunked-reference
2,8,32768,262144,2.0,1024,32,0.01717376708984375,1.0946815067333837,0.020862387741767338,8.692800000062562,7.607800000187126,9.964799999579554,7,chunked-reference
2,8,32768,262144,2.0,4096,8,0.01717376708984375,1.0946815067333837,0.020862387741767338,7.922900000266964,5.986199999824748,8.297899999888614,7,chunked-reference
2,8,32768,262144,2.0,16384,2,0.01717376708984375,1.0946815067333837,0.020862387741767338,7.117999999536551,5.642000000079861,7.714400000622845,7,chunked-reference
2,8,32768,262144,2.0,65536,1,0.01717376708984375,1.0946815067333837,0.020862387741767338,6.679599999188213,5.485100000441889,7.480300000679563,7,chunked-reference
2,8,32768,262144,8.0,256,128,0.0,1.4675134601752071e-06,3.274298656236451e-07,17.349499999909312,14.627200000177254,20.30689999992319,7,chunked-reference
2,8,32768,262144,8.0,1024,32,0.0,1.4675134601752071e-06,3.274298656236451e-07,9.191200000714161,8.065500000157044,10.751800000434741,7,chunked-reference
2,8,32768,262144,8.0,4096,8,0.0,1.4675134601752071e-06,3.274298656236451e-07,6.552899998496287,5.885600001420244,8.0206000002363,7,chunked-reference
2,8,32768,262144,8.0,16384,2,0.0,1.4675134601752071e-06,3.274298656236451e-07,6.454700000176672,5.554100000153994,7.477899998775683,7,chunked-reference
2,8,32768,262144,8.0,65536,1,0.0,1.4675134601752071e-06,3.274298656236451e-07,7.063999999445514,5.4531999994651414,7.358400000157417,7,chunked-reference
3,8,32768,1024,0.5,256,128,0.5089645385742188,1.5119298841346434,0.1418001608973677,16.87619999938761,14.870599999994738,19.211299999369658,7,chunked-reference
3,8,32768,1024,0.5,1024,32,0.5089645385742188,1.5119298841346434,0.1418001608973677,10.264700000334415,8.175999999366468,10.87780000125349,7,chunked-reference
3,8,32768,1024,0.5,4096,8,0.5089645385742188,1.5119298841346434,0.1418001608973677,6.890900000144029,6.00260000101116,8.298299999296432,7,chunked-reference
3,8,32768,1024,0.5,16384,2,0.5089645385742188,1.5119298841346434,0.1418001608973677,6.521600000269245,5.774200000814744,7.859499999540276,7,chunked-reference
3,8,32768,1024,0.5,65536,1,0.5089645385742188,1.5119298841346434,0.1418001608973677,7.1963999998843065,6.343199998809723,7.562299999335664,7,chunked-reference
3,8,32768,1024,1.0,256,128,0.18904495239257812,1.281841388559422,0.07280696439020187,16.630599999189144,14.53639999999723,18.64900000146008,7,chunked-reference
3,8,32768,1024,1.0,1024,32,0.18904495239257812,1.281841388559422,0.07280696439020187,9.924199999659322,8.622300001661642,11.002100000041537,7,chunked-reference
3,8,32768,1024,1.0,4096,8,0.18904495239257812,1.281841388559422,0.07280696439020187,7.243699999889941,5.986800000755466,7.758300000205054,7,chunked-reference
3,8,32768,1024,1.0,16384,2,0.18904495239257812,1.281841388559422,0.07280696439020187,7.485499998438172,5.766199999925448,8.054699999775039,7,chunked-reference
3,8,32768,1024,1.0,65536,1,0.18904495239257812,1.281841388559422,0.07280696439020187,7.566300000689807,6.120500000179163,8.552600000257371,7,chunked-reference
3,8,32768,1024,2.0,256,128,0.017391204833984375,0.9825158783260715,0.021355770848326877,18.46109999860346,14.805700000579236,21.606600001177867,7,chunked-reference
3,8,32768,1024,2.0,1024,32,0.017391204833984375,0.9825158783260715,0.021355770848326877,10.04099999954633,7.660600000235718,10.907899999438087,7,chunked-reference
3,8,32768,1024,2.0,4096,8,0.017391204833984375,0.9825158783260715,0.021355770848326877,6.311999999525142,6.050199999663164,8.023499998671468,7,chunked-reference
3,8,32768,1024,2.0,16384,2,0.017391204833984375,0.9825158783260715,0.021355770848326877,7.534599999416969,5.669599999237107,8.017699999982142,7,chunked-reference
3,8,32768,1024,2.0,65536,1,0.017391204833984375,0.9825158783260715,0.021355770848326877,6.686400000035064,5.5554000009578886,7.964500000525732,7,chunked-reference
3,8,32768,1024,8.0,256,128,0.0,0.00037826442564323215,8.370681306808694e-05,17.072900000130176,15.01769999958924,20.09390000057465,7,chunked-reference
3,8,32768,1024,8.0,1024,32,0.0,0.00037826442564323215,8.370681306808694e-05,9.768799998710165,8.422699998845928,10.832300000402029,7,chunked-reference
3,8,32768,1024,8.0,4096,8,0.0,0.00037826442564323215,8.370681306808694e-05,6.670899998425739,6.206899999597226,8.198300000003655,7,chunked-reference
3,8,32768,1024,8.0,16384,2,0.0,0.00037826442564323215,8.370681306808694e-05,6.967400000576163,5.628200000501238,8.375299999897834,7,chunked-reference
3,8,32768,1024,8.0,65536,1,0.0,0.00037826442564323215,8.370681306808694e-05,5.782100000942592,5.356400000891881,6.8395999987842515,7,chunked-reference
3,8,32768,16384,0.5,256,128,0.5089645385742188,1.5119437925883905,0.14179968739742602,16.823500000100466,15.619499999957043,23.112799999580602,7,chunked-reference
3,8,32768,16384,0.5,1024,32,0.5089645385742188,1.5119437925883905,0.14179968739742602,9.01960000010149,8.125799999106675,10.492600000361563,7,chunked-reference
3,8,32768,16384,0.5,4096,8,0.5089645385742188,1.5119437925883905,0.14179968739742602,8.162799998899573,6.279000001086388,8.286199999929522,7,chunked-reference
3,8,32768,16384,0.5,16384,2,0.5089645385742188,1.5119437925883905,0.14179968739742602,6.143300000985619,5.570900000748225,7.5010000000474975,7,chunked-reference
3,8,32768,16384,0.5,65536,1,0.5089645385742188,1.5119437925883905,0.14179968739742602,7.3773999993136385,5.443200001536752,7.762400000501657,7,chunked-reference
3,8,32768,16384,1.0,256,128,0.18904495239257812,1.2818552970131694,0.07279150484231911,18.06150000084017,16.2878000010096,23.591500001202803,7,chunked-reference
3,8,32768,16384,1.0,1024,32,0.18904495239257812,1.2818552970131694,0.07279150484231911,8.245900000474649,7.646699999895645,8.985200000097393,7,chunked-reference
3,8,32768,16384,1.0,4096,8,0.18904495239257812,1.2818552970131694,0.07279150484231911,6.507699999929173,5.901800001083757,8.201799999369541,7,chunked-reference
3,8,32768,16384,1.0,16384,2,0.18904495239257812,1.2818552970131694,0.07279150484231911,5.744599999161437,5.492999998750747,6.698099999994156,7,chunked-reference
3,8,32768,16384,1.0,65536,1,0.18904495239257812,1.2818552970131694,0.07279150484231911,6.774900000891648,5.547400000068592,7.504700000936282,7,chunked-reference
3,8,32768,16384,2.0,256,128,0.017391204833984375,0.9824331027712457,0.021287335393972096,15.907400000287453,14.82199999918521,20.403999998961808,7,chunked-reference
3,8,32768,16384,2.0,1024,32,0.017391204833984375,0.9824331027712457,0.021287335393972096,9.559899999658228,7.889399999839952,10.586800000965013,7,chunked-reference
3,8,32768,16384,2.0,4096,8,0.017391204833984375,0.9824331027712457,0.021287335393972096,6.572300000698306,6.352899999910733,7.189999998445273,7,chunked-reference
3,8,32768,16384,2.0,16384,2,0.017391204833984375,0.9824331027712457,0.021287335393972096,6.6948000003321795,5.573599999479484,7.050099999105441,7,chunked-reference
3,8,32768,16384,2.0,65536,1,0.017391204833984375,0.9824331027712457,0.021287335393972096,6.326400000034482,5.449899999803165,7.356200001595425,7,chunked-reference
3,8,32768,16384,8.0,256,128,0.0,2.5185524647391988e-05,5.212999480750325e-06,16.93119999981718,14.578799999071634,21.15849999972852,7,chunked-reference
3,8,32768,16384,8.0,1024,32,0.0,2.5185524647391988e-05,5.212999480750325e-06,8.75110000015411,7.985299998836126,10.632700001224293,7,chunked-reference
3,8,32768,16384,8.0,4096,8,0.0,2.5185524647391988e-05,5.212999480750325e-06,6.520999999338528,6.285299999944982,7.96979999904579,7,chunked-reference
3,8,32768,16384,8.0,16384,2,0.0,2.5185524647391988e-05,5.212999480750325e-06,6.420300000172574,5.461999999170075,7.699800000409596,7,chunked-reference
3,8,32768,16384,8.0,65536,1,0.0,2.5185524647391988e-05,5.212999480750325e-06,7.134699999369332,5.442800000309944,7.446200001140824,7,chunked-reference
3,8,32768,262144,0.5,256,128,0.5089645385742188,1.5119524600531955,0.14179965257152619,17.155100000309176,14.845399999103392,19.240899999203975,7,chunked-reference
3,8,32768,262144,0.5,1024,32,0.5089645385742188,1.5119524600531955,0.14179965257152619,8.68350000018836,7.500699999582139,13.45949999995355,7,chunked-reference
3,8,32768,262144,0.5,4096,8,0.5089645385742188,1.5119524600531955,0.14179965257152619,6.559900000866037,6.00510000003851,7.702300001255935,7,chunked-reference
3,8,32768,262144,0.5,16384,2,0.5089645385742188,1.5119524600531955,0.14179965257152619,7.049800000459072,5.485400000907248,7.586300000184565,7,chunked-reference
3,8,32768,262144,0.5,65536,1,0.5089645385742188,1.5119524600531955,0.14179965257152619,7.161099998484133,6.047100001524086,7.528599999204744,7,chunked-reference
3,8,32768,262144,1.0,256,128,0.18904495239257812,1.2818639644779741,0.07279061208208343,17.395099999703234,14.784299999519135,20.28749999954016,7,chunked-reference
3,8,32768,262144,1.0,1024,32,0.18904495239257812,1.2818639644779741,0.07279061208208343,8.546199998818338,7.622399998581386,10.879100000238395,7,chunked-reference
3,8,32768,262144,1.0,4096,8,0.18904495239257812,1.2818639644779741,0.07279061208208343,7.689599999139318,6.376899998940644,8.77290000062203,7,chunked-reference
3,8,32768,262144,1.0,16384,2,0.18904495239257812,1.2818639644779741,0.07279061208208343,7.4409999997442355,6.065800000214949,7.985000000189757,7,chunked-reference
3,8,32768,262144,1.0,65536,1,0.18904495239257812,1.2818639644779741,0.07279061208208343,6.4329000015277416,5.829699999594595,7.507100001021172,7,chunked-reference
3,8,32768,262144,2.0,256,128,0.017391204833984375,0.9824309928723156,0.02128308904202704,16.17149999947287,14.980699999796343,18.447799999194103,7,chunked-reference
3,8,32768,262144,2.0,1024,32,0.017391204833984375,0.9824309928723156,0.02128308904202704,8.733300001040334,7.774699999572476,10.509699999602162,7,chunked-reference
3,8,32768,262144,2.0,4096,8,0.017391204833984375,0.9824309928723156,0.02128308904202704,6.245599999601836,5.924099999901955,8.051799999520881,7,chunked-reference
3,8,32768,262144,2.0,16384,2,0.017391204833984375,0.9824309928723156,0.02128308904202704,6.297600000834791,5.837500000779983,7.60199999967881,7,chunked-reference
3,8,32768,262144,2.0,65536,1,0.017391204833984375,0.9824309928723156,0.02128308904202704,7.41569999991043,5.423099999461556,8.12959999893792,7,chunked-reference
3,8,32768,262144,8.0,256,128,0.0,1.5152798434579784e-06,3.2706789469697414e-07,16.662400001223432,14.696500000354717,20.07430000048771,7,chunked-reference
3,8,32768,262144,8.0,1024,32,0.0,1.5152798434579784e-06,3.2706789469697414e-07,8.656599999085302,7.61170000077982,10.937099999864586,7,chunked-reference
3,8,32768,262144,8.0,4096,8,0.0,1.5152798434579784e-06,3.2706789469697414e-07,6.829199999629054,6.007300000419491,9.065399999599322,7,chunked-reference
3,8,32768,262144,8.0,16384,2,0.0,1.5152798434579784e-06,3.2706789469697414e-07,5.99789999978384,5.552099999476923,6.334099998639431,7,chunked-reference
3,8,32768,262144,8.0,65536,1,0.0,1.5152798434579784e-06,3.2706789469697414e-07,6.112899998697685,5.398000001150649,7.186700000602286,7,chunked-reference
4,8,32768,1024,0.5,256,128,0.5113296508789062,1.8346975352535242,0.14225559676431154,14.869300001009833,14.169399999445886,16.456300001664204,7,chunked-reference
4,8,32768,1024,0.5,1024,32,0.5113296508789062,1.8346975352535242,0.14225559676431154,9.68529999954626,8.124300000417861,20.752700000230107,7,chunked-reference
4,8,32768,1024,0.5,4096,8,0.5113296508789062,1.8346975352535242,0.14225559676431154,6.616099999519065,6.008800000927295,8.20190000013099,7,chunked-reference
4,8,32768,1024,0.5,16384,2,0.5113296508789062,1.8346975352535242,0.14225559676431154,6.593399999474059,5.495700001119985,7.390900000245892,7,chunked-reference
4,8,32768,1024,0.5,65536,1,0.5113296508789062,1.8346975352535242,0.14225559676431154,7.002599999395898,5.877899999177316,7.423400000334368,7,chunked-reference
4,8,32768,1024,1.0,256,128,0.1919097900390625,1.4921358303309578,0.0732977833030531,15.654999999242136,14.318299998194561,18.958000000566244,7,chunked-reference
4,8,32768,1024,1.0,1024,32,0.1919097900390625,1.4921358303309578,0.0732977833030531,10.172199999942677,8.791199999905075,11.39820000025793,7,chunked-reference
4,8,32768,1024,1.0,4096,8,0.1919097900390625,1.4921358303309578,0.0732977833030531,6.680300000880379,5.97860000016226,7.554299998446368,7,chunked-reference
4,8,32768,1024,1.0,16384,2,0.1919097900390625,1.4921358303309578,0.0732977833030531,7.292000000234111,6.473299999925075,8.189500000298722,7,chunked-reference
4,8,32768,1024,1.0,65536,1,0.1919097900390625,1.4921358303309578,0.0732977833030531,5.755600001066341,5.612700000710902,6.9435999994311715,7,chunked-reference
4,8,32768,1024,2.0,256,128,0.017269134521484375,1.0807631715041564,0.021290430286263873,16.36069999949541,14.692200000354205,20.397800000864663,7,chunked-reference
4,8,32768,1024,2.0,1024,32,0.017269134521484375,1.0807631715041564,0.021290430286263873,9.320299999671988,8.178199999747449,10.161399999560672,7,chunked-reference
4,8,32768,1024,2.0,4096,8,0.017269134521484375,1.0807631715041564,0.021290430286263873,8.008999999219668,5.887499999516876,8.249500000601984,7,chunked-reference
4,8,32768,1024,2.0,16384,2,0.017269134521484375,1.0807631715041564,0.021290430286263873,7.123499999579508,5.505999999513733,7.508100001359708,7,chunked-reference
4,8,32768,1024,2.0,65536,1,0.017269134521484375,1.0807631715041564,0.021290430286263873,6.6099999985453906,5.411000000094646,7.358499999099877,7,chunked-reference
4,8,32768,1024,8.0,256,128,0.0,0.00039246615973764776,8.329464863462806e-05,16.654500001095585,14.724499998919782,19.30519999950775,7,chunked-reference
4,8,32768,1024,8.0,1024,32,0.0,0.00039246615973764776,8.329464863462806e-05,9.044600001288927,7.520600000134436,10.726700000304845,7,chunked-reference
4,8,32768,1024,8.0,4096,8,0.0,0.00039246615973764776,8.329464863462806e-05,7.958300000609597,5.924899998717592,8.268999999927473,7,chunked-reference
4,8,32768,1024,8.0,16384,2,0.0,0.00039246615973764776,8.329464863462806e-05,6.197799999426934,5.512100000487408,7.768400000713882,7,chunked-reference
4,8,32768,1024,8.0,65536,1,0.0,0.00039246615973764776,8.329464863462806e-05,6.4793000001373,5.440600001747953,7.233799999085022,7,chunked-reference
4,8,32768,16384,0.5,256,128,0.5113296508789062,1.8347009110918122,0.14225520334705583,19.874800000252435,16.838500001540524,20.464400000491878,7,chunked-reference
4,8,32768,16384,0.5,1024,32,0.5113296508789062,1.8347009110918122,0.14225520334705583,8.060699999987264,7.460999999238993,8.631400000012945,7,chunked-reference
4,8,32768,16384,0.5,4096,8,0.5113296508789062,1.8347009110918122,0.14225520334705583,6.535999998959596,5.916699999943376,8.331799999723444,7,chunked-reference
4,8,32768,16384,0.5,16384,2,0.5113296508789062,1.8347009110918122,0.14225520334705583,5.718800000977353,5.470900001455448,7.029399999737507,7,chunked-reference
4,8,32768,16384,0.5,65536,1,0.5113296508789062,1.8347009110918122,0.14225520334705583,6.834399999206653,6.131800000730436,7.843699999284581,7,chunked-reference
4,8,32768,16384,1.0,256,128,0.1919097900390625,1.4920762805435546,0.07328321968990857,15.621099999407306,15.384000000267406,20.278500000131316,7,chunked-reference
4,8,32768,16384,1.0,1024,32,0.1919097900390625,1.4920762805435546,0.07328321968990857,10.255099999994854,8.378300000913441,10.991999999532709,7,chunked-reference
4,8,32768,16384,1.0,4096,8,0.1919097900390625,1.4920762805435546,0.07328321968990857,6.896099999721628,6.536400000186404,8.511399999406422,7,chunked-reference
4,8,32768,16384,1.0,16384,2,0.1919097900390625,1.4920762805435546,0.07328321968990857,7.5172999986534705,6.365900000673719,7.863099999667611,7,chunked-reference
4,8,32768,16384,1.0,65536,1,0.1919097900390625,1.4920762805435546,0.07328321968990857,7.537499999671127,6.35590000092634,8.668299999044393,7,chunked-reference
4,8,32768,16384,2.0,256,128,0.017269134521484375,1.0808092179384068,0.021222418460358414,16.141500000230735,15.604900001562783,21.041399999376154,7,chunked-reference
4,8,32768,16384,2.0,1024,32,0.017269134521484375,1.0808092179384068,0.021222418460358414,9.442200000194134,7.708700000875979,10.525200001211488,7,chunked-reference
4,8,32768,16384,2.0,4096,8,0.017269134521484375,1.0808092179384068,0.021222418460358414,8.128900000883732,6.40180000118562,8.546500001102686,7,chunked-reference
4,8,32768,16384,2.0,16384,2,0.017269134521484375,1.0808092179384068,0.021222418460358414,7.352599999649101,5.701500000213855,7.833700001356192,7,chunked-reference
4,8,32768,16384,2.0,65536,1,0.017269134521484375,1.0808092179384068,0.021222418460358414,7.045100001050741,5.901300000914489,7.494200001019635,7,chunked-reference
4,8,32768,16384,8.0,256,128,0.0,2.508462875117079e-05,5.211204715967696e-06,19.46000000134518,14.53849999961676,20.67689999967115,7,chunked-reference
4,8,32768,16384,8.0,1024,32,0.0,2.508462875117079e-05,5.211204715967696e-06,8.276799999293871,7.445999999617925,10.417199999210425,7,chunked-reference
4,8,32768,16384,8.0,4096,8,0.0,2.508462875117079e-05,5.211204715967696e-06,6.619900001169299,5.885700000362704,8.295399999042274,7,chunked-reference
4,8,32768,16384,8.0,16384,2,0.0,2.508462875117079e-05,5.211204715967696e-06,6.431199999497039,5.500300001585856,7.509300001402153,7,chunked-reference
4,8,32768,16384,8.0,65536,1,0.0,2.508462875117079e-05,5.211204715967696e-06,7.053299999824958,6.037200000719167,7.352200000241282,7,chunked-reference
4,8,32768,262144,0.5,256,128,0.5113296508789062,1.8347027678028707,0.14225520876402686,17.272099999900092,15.858700000535464,19.68260000103328,7,chunked-reference
4,8,32768,262144,0.5,1024,32,0.5113296508789062,1.8347027678028707,0.14225520876402686,10.574300000371295,7.686200000534882,28.330600000117556,7,chunked-reference
4,8,32768,262144,0.5,4096,8,0.5113296508789062,1.8347027678028707,0.14225520876402686,6.624800000281539,5.925900000875117,8.20690000000468,7,chunked-reference
4,8,32768,262144,0.5,16384,2,0.5113296508789062,1.8347027678028707,0.14225520876402686,5.996500000037486,5.605299998933333,7.5992000001861015,7,chunked-reference
4,8,32768,262144,0.5,65536,1,0.5113296508789062,1.8347027678028707,0.14225520876402686,7.600200000524637,6.235899998500827,7.883299998866278,7,chunked-reference
4,8,32768,262144,1.0,256,128,0.1919097900390625,1.4920819688310702,0.07328232934965989,19.871700000294368,16.993199998978525,20.51019999998971,7,chunked-reference
4,8,32768,262144,1.0,1024,32,0.1919097900390625,1.4920819688310702,0.07328232934965989,8.599400000093738,7.526499999585212,8.928100000048289,7,chunked-reference
4,8,32768,262144,1.0,4096,8,0.1919097900390625,1.4920819688310702,0.07328232934965989,6.998599999860744,5.910200001380872,8.16579999991518,7,chunked-reference
4,8,32768,262144,1.0,16384,2,0.1919097900390625,1.4920819688310702,0.07328232934965989,6.2307000007422175,5.496300000231713,7.526400000642752,7,chunked-reference
4,8,32768,262144,1.0,65536,1,0.1919097900390625,1.4920819688310702,0.07328232934965989,7.2624000003997935,6.889399999636225,7.67459999951825,7,chunked-reference
4,8,32768,262144,2.0,256,128,0.017269134521484375,1.080817936040786,0.021218153916813587,17.101699999329867,15.09740000074089,19.122300000162795,7,chunked-reference
4,8,32768,262144,2.0,1024,32,0.017269134521484375,1.080817936040786,0.021218153916813587,8.510799998475704,7.815499999196618,10.019899998951587,7,chunked-reference
4,8,32768,262144,2.0,4096,8,0.017269134521484375,1.080817936040786,0.021218153916813587,6.536099999721046,5.894699999771547,8.312400001159403,7,chunked-reference
4,8,32768,262144,2.0,16384,2,0.017269134521484375,1.080817936040786,0.021218153916813587,6.511199999295059,5.5116999992606,7.434399998601293,7,chunked-reference
4,8,32768,262144,2.0,65536,1,0.017269134521484375,1.080817936040786,0.021218153916813587,6.343000000924803,5.388499999753549,7.189500000094995,7,chunked-reference
4,8,32768,262144,8.0,256,128,0.0,1.5556457291232562e-06,3.2661007192428794e-07,15.999200000806013,15.137200000026496,19.816300000456977,7,chunked-reference
4,8,32768,262144,8.0,1024,32,0.0,1.5556457291232562e-06,3.2661007192428794e-07,8.15130000046338,7.626699998581898,8.348699999260134,7,chunked-reference
4,8,32768,262144,8.0,4096,8,0.0,1.5556457291232562e-06,3.2661007192428794e-07,6.9329999987530755,6.026600000041071,8.202600000004168,7,chunked-reference
4,8,32768,262144,8.0,16384,2,0.0,1.5556457291232562e-06,3.2661007192428794e-07,7.309099999474711,5.603300000075251,7.85600000017439,7,chunked-reference
4,8,32768,262144,8.0,65536,1,0.0,1.5556457291232562e-06,3.2661007192428794e-07,5.9677000008377945,5.4241999987425515,6.9357000011223136,7,chunked-reference
